-- MySQL dump 10.13  Distrib 8.0.28, for Win64 (x86_64)
--
-- Host: localhost    Database: sgcm
-- ------------------------------------------------------
-- Server version	8.0.28

/*!40101 SET @OLD_CHARACTER_SET_CLIENT=@@CHARACTER_SET_CLIENT */;
/*!40101 SET @OLD_CHARACTER_SET_RESULTS=@@CHARACTER_SET_RESULTS */;
/*!40101 SET @OLD_COLLATION_CONNECTION=@@COLLATION_CONNECTION */;
/*!50503 SET NAMES utf8mb4 */;
/*!40103 SET @OLD_TIME_ZONE=@@TIME_ZONE */;
/*!40103 SET TIME_ZONE='+00:00' */;
/*!40014 SET @OLD_UNIQUE_CHECKS=@@UNIQUE_CHECKS, UNIQUE_CHECKS=0 */;
/*!40014 SET @OLD_FOREIGN_KEY_CHECKS=@@FOREIGN_KEY_CHECKS, FOREIGN_KEY_CHECKS=0 */;
/*!40101 SET @OLD_SQL_MODE=@@SQL_MODE, SQL_MODE='NO_AUTO_VALUE_ON_ZERO' */;
/*!40111 SET @OLD_SQL_NOTES=@@SQL_NOTES, SQL_NOTES=0 */;

--
-- Table structure for table `atendimento`
--

DROP TABLE IF EXISTS `atendimento`;
/*!40101 SET @saved_cs_client     = @@character_set_client */;
/*!50503 SET character_set_client = utf8mb4 */;
CREATE TABLE `atendimento` (
  `id` bigint NOT NULL AUTO_INCREMENT,
  `data` date NOT NULL,
  `hora` time NOT NULL,
  `status` varchar(255) NOT NULL,
  `convenio_id` bigint DEFAULT NULL,
  `paciente_id` bigint NOT NULL,
  `profissional_id` bigint NOT NULL,
  PRIMARY KEY (`id`),
  UNIQUE KEY `UK7sd95707nv8e3x3lb130ghium` (`data`,`hora`,`profissional_id`),
  KEY `FKkkkeimeckybbwui9hyn5systj` (`convenio_id`),
  KEY `FK5otidx5k8xbj2jv2lp1ie76n6` (`paciente_id`),
  KEY `FKloa22djbikwfwlpm6es9u7qvv` (`profissional_id`),
  CONSTRAINT `FK5otidx5k8xbj2jv2lp1ie76n6` FOREIGN KEY (`paciente_id`) REFERENCES `paciente` (`id`),
  CONSTRAINT `FKkkkeimeckybbwui9hyn5systj` FOREIGN KEY (`convenio_id`) REFERENCES `convenio` (`id`),
  CONSTRAINT `FKloa22djbikwfwlpm6es9u7qvv` FOREIGN KEY (`profissional_id`) REFERENCES `profissional` (`id`)
) ENGINE=InnoDB AUTO_INCREMENT=1447 DEFAULT CHARSET=utf8mb4 COLLATE=utf8mb4_0900_ai_ci;
/*!40101 SET character_set_client = @saved_cs_client */;

--
-- Dumping data for table `atendimento`
--

LOCK TABLES `atendimento` WRITE;
/*!40000 ALTER TABLE `atendimento` DISABLE KEYS */;
INSERT INTO `atendimento` VALUES (1,'2022-04-04','15:30:00','CANCELADO',1,89,10),(2,'2022-05-19','14:00:00','CANCELADO',2,199,9),(3,'2021-08-06','17:30:00','CANCELADO',2,1,9),(4,'2022-01-10','17:30:00','CANCELADO',NULL,146,11),(5,'2021-09-03','19:30:00','CANCELADO',3,207,14),(6,'2021-08-24','19:00:00','CANCELADO',NULL,211,6),(7,'2022-04-25','16:00:00','CANCELADO',1,34,1),(8,'2021-08-19','18:00:00','CANCELADO',NULL,129,3),(9,'2022-01-25','16:30:00','CANCELADO',1,212,11),(10,'2022-04-11','19:00:00','CANCELADO',2,12,8),(11,'2021-12-03','17:00:00','CANCELADO',2,87,13),(12,'2021-09-20','17:00:00','CANCELADO',NULL,249,8),(13,'2022-02-15','20:00:00','CANCELADO',2,69,13),(14,'2022-04-25','20:00:00','CANCELADO',2,16,11),(15,'2022-03-16','18:30:00','CANCELADO',NULL,191,2),(16,'2022-04-06','20:00:00','CANCELADO',1,80,8),(17,'2021-08-12','20:00:00','CANCELADO',1,249,12),(18,'2021-10-01','14:00:00','CANCELADO',3,139,6),(19,'2022-01-28','14:30:00','CANCELADO',2,230,1),(20,'2021-07-23','14:30:00','CANCELADO',NULL,48,8),(21,'2022-04-07','14:30:00','CANCELADO',3,201,2),(22,'2021-08-30','17:00:00','CANCELADO',2,58,5),(23,'2022-02-15','15:30:00','CANCELADO',NULL,235,11),(24,'2021-10-15','16:30:00','CANCELADO',2,84,9),(25,'2022-02-02','19:00:00','CANCELADO',1,13,5),(26,'2022-01-10','16:30:00','CANCELADO',1,176,5),(27,'2021-10-29','19:00:00','CANCELADO',NULL,128,5),(28,'2021-09-14','19:30:00','CANCELADO',NULL,38,5),(29,'2021-07-19','15:00:00','CANCELADO',2,37,6),(30,'2021-12-27','20:00:00','CANCELADO',NULL,170,13),(31,'2022-07-07','19:00:00','CANCELADO',NULL,176,9),(32,'2022-06-10','14:00:00','CANCELADO',1,35,14),(33,'2022-02-14','15:00:00','CANCELADO',3,190,9),(34,'2022-03-01','18:00:00','CANCELADO',NULL,231,2),(35,'2021-11-01','17:30:00','CANCELADO',NULL,64,12),(36,'2022-01-07','18:00:00','CANCELADO',NULL,57,3),(37,'2021-11-30','18:00:00','CANCELADO',3,50,9),(38,'2022-04-22','18:00:00','CANCELADO',2,90,7),(39,'2022-01-20','17:30:00','CANCELADO',2,139,4),(40,'2021-08-20','18:00:00','CANCELADO',2,54,3),(41,'2022-04-29','18:30:00','CANCELADO',2,245,12),(42,'2022-04-11','17:30:00','CANCELADO',3,214,10),(43,'2021-06-14','18:30:00','CANCELADO',3,22,5),(44,'2021-09-09','16:30:00','CANCELADO',3,33,10),(45,'2021-10-20','14:00:00','CANCELADO',1,50,13),(46,'2022-07-07','16:30:00','CANCELADO',NULL,180,10),(47,'2021-08-13','14:00:00','CANCELADO',1,69,12),(48,'2022-01-31','14:00:00','CANCELADO',1,4,8),(49,'2022-06-20','19:30:00','CANCELADO',2,242,10),(50,'2021-10-25','15:30:00','CANCELADO',1,110,7),(51,'2021-08-30','17:30:00','CANCELADO',3,16,14),(52,'2022-03-21','18:00:00','CANCELADO',2,114,1),(53,'2021-07-30','18:30:00','CANCELADO',3,176,8),(54,'2022-04-25','18:00:00','CANCELADO',2,59,6),(55,'2021-07-30','15:00:00','CANCELADO',NULL,134,4),(56,'2021-11-23','14:00:00','CANCELADO',1,122,10),(57,'2021-09-13','15:00:00','CANCELADO',3,200,13),(58,'2021-06-15','18:30:00','CANCELADO',NULL,255,11),(59,'2022-05-02','18:00:00','CANCELADO',NULL,255,8),(60,'2021-10-05','15:00:00','CANCELADO',1,257,1),(61,'2021-06-21','16:00:00','CANCELADO',1,29,2),(62,'2021-09-23','18:30:00','CANCELADO',3,18,8),(63,'2021-07-21','17:00:00','CANCELADO',1,3,4),(64,'2021-10-15','16:00:00','CANCELADO',NULL,97,12),(65,'2021-06-10','18:30:00','CANCELADO',2,89,12),(66,'2021-10-18','20:00:00','CANCELADO',NULL,60,6),(67,'2021-11-16','17:30:00','CANCELADO',NULL,226,4),(68,'2021-09-20','15:30:00','CANCELADO',2,182,5),(69,'2021-09-03','14:00:00','CANCELADO',3,148,7),(70,'2021-12-03','18:00:00','CANCELADO',1,188,5),(71,'2022-06-17','14:00:00','CANCELADO',1,147,2),(72,'2021-12-02','16:30:00','CANCELADO',1,24,13),(73,'2022-05-17','18:30:00','CANCELADO',1,53,2),(74,'2021-06-25','19:30:00','CANCELADO',3,90,13),(75,'2021-12-24','15:00:00','CANCELADO',3,13,4),(76,'2021-06-25','14:30:00','CANCELADO',NULL,124,10),(77,'2021-09-20','19:00:00','CANCELADO',NULL,187,13),(78,'2021-10-08','17:30:00','CANCELADO',3,105,4),(79,'2021-12-06','18:30:00','CANCELADO',NULL,211,10),(80,'2022-06-17','16:00:00','CANCELADO',2,58,9),(81,'2022-07-01','17:30:00','CANCELADO',NULL,179,9),(82,'2021-08-06','16:00:00','CANCELADO',1,257,10),(83,'2021-06-30','16:30:00','CANCELADO',NULL,140,2),(84,'2021-09-30','18:00:00','CANCELADO',2,144,10),(85,'2021-08-03','18:30:00','CANCELADO',1,196,2),(86,'2021-09-03','16:00:00','CANCELADO',1,110,1),(87,'2022-05-10','14:00:00','CANCELADO',3,139,12),(88,'2022-05-02','15:00:00','CANCELADO',NULL,154,12),(89,'2022-04-01','17:00:00','CANCELADO',3,269,12),(90,'2021-09-08','16:30:00','CANCELADO',1,175,6),(91,'2022-03-03','15:00:00','CANCELADO',2,115,13),(92,'2021-06-28','14:30:00','CANCELADO',3,192,12),(93,'2022-05-16','17:00:00','CANCELADO',3,209,5),(94,'2021-11-12','15:30:00','CANCELADO',2,234,9),(95,'2022-06-13','18:00:00','CANCELADO',NULL,49,7),(96,'2021-07-02','16:00:00','CANCELADO',3,131,11),(97,'2021-06-18','20:00:00','CANCELADO',NULL,234,4),(98,'2021-11-17','18:00:00','CANCELADO',NULL,73,13),(99,'2021-10-25','17:00:00','CANCELADO',1,199,3),(100,'2021-08-24','14:30:00','CANCELADO',3,61,9),(101,'2021-07-05','19:00:00','AGENDADO',NULL,261,7),(102,'2021-10-29','14:30:00','AGENDADO',1,18,12),(103,'2022-01-17','20:00:00','AGENDADO',2,71,9),(104,'2021-11-12','19:30:00','AGENDADO',NULL,74,8),(105,'2021-11-09','15:30:00','AGENDADO',3,48,10),(106,'2022-05-16','18:00:00','AGENDADO',3,87,3),(107,'2022-04-04','14:30:00','AGENDADO',1,6,6),(108,'2022-04-22','17:00:00','AGENDADO',3,36,7),(109,'2022-02-18','20:00:00','AGENDADO',3,123,9),(110,'2021-06-17','19:00:00','AGENDADO',NULL,211,6),(111,'2021-12-27','17:30:00','AGENDADO',1,15,2),(112,'2022-01-11','17:00:00','AGENDADO',1,94,5),(113,'2021-06-22','16:00:00','AGENDADO',2,229,9),(114,'2021-12-13','19:30:00','AGENDADO',NULL,162,11),(115,'2022-06-17','19:30:00','AGENDADO',2,25,8),(116,'2022-02-08','16:30:00','AGENDADO',NULL,133,2),(117,'2021-07-05','15:30:00','AGENDADO',3,164,4),(118,'2022-06-01','19:00:00','AGENDADO',2,38,9),(119,'2021-09-28','17:30:00','AGENDADO',3,257,5),(120,'2022-04-01','19:30:00','AGENDADO',3,206,7),(121,'2022-04-20','17:00:00','AGENDADO',1,228,10),(122,'2022-05-13','14:00:00','AGENDADO',2,146,7),(123,'2022-04-04','15:00:00','AGENDADO',2,165,2),(124,'2021-07-16','17:30:00','AGENDADO',1,160,4),(125,'2022-02-04','17:30:00','AGENDADO',3,196,11),(126,'2021-08-09','15:00:00','AGENDADO',NULL,265,7),(127,'2022-03-22','15:30:00','AGENDADO',1,205,13),(128,'2021-10-19','17:00:00','AGENDADO',2,55,3),(129,'2021-06-30','19:00:00','AGENDADO',NULL,66,6),(130,'2022-05-30','16:00:00','AGENDADO',NULL,161,8),(131,'2022-06-06','16:30:00','AGENDADO',3,140,8),(132,'2022-01-03','20:00:00','AGENDADO',2,188,5),(133,'2022-06-29','19:00:00','AGENDADO',NULL,42,12),(134,'2022-03-22','15:30:00','AGENDADO',NULL,133,10),(135,'2022-01-12','14:00:00','AGENDADO',1,225,8),(136,'2022-03-21','18:30:00','AGENDADO',2,173,13),(137,'2022-06-03','16:30:00','AGENDADO',NULL,134,14),(138,'2021-08-02','16:00:00','AGENDADO',2,48,3),(139,'2022-01-06','19:30:00','AGENDADO',3,192,9),(140,'2021-12-01','15:30:00','AGENDADO',2,237,7),(141,'2021-06-11','17:30:00','AGENDADO',NULL,87,1),(142,'2022-01-03','17:30:00','AGENDADO',NULL,257,12),(143,'2021-10-28','19:00:00','AGENDADO',2,229,8),(144,'2022-06-17','18:30:00','AGENDADO',2,118,14),(145,'2022-03-21','16:00:00','AGENDADO',3,212,3),(146,'2022-04-13','19:00:00','AGENDADO',1,25,6),(147,'2022-05-05','18:00:00','AGENDADO',2,52,3),(148,'2021-08-10','15:30:00','AGENDADO',3,84,7),(149,'2021-07-19','17:30:00','AGENDADO',2,171,11),(150,'2022-01-17','16:30:00','AGENDADO',2,183,1),(151,'2022-01-19','18:00:00','AGENDADO',3,89,14),(152,'2022-02-07','14:00:00','AGENDADO',NULL,98,6),(153,'2022-03-18','18:30:00','AGENDADO',1,166,5),(154,'2021-07-16','19:00:00','AGENDADO',3,146,11),(155,'2021-08-06','15:30:00','AGENDADO',NULL,54,3),(156,'2022-02-22','16:30:00','AGENDADO',NULL,158,13),(157,'2021-08-12','19:00:00','AGENDADO',2,45,2),(158,'2021-12-06','20:00:00','AGENDADO',2,46,14),(159,'2021-07-21','14:00:00','AGENDADO',NULL,255,6),(160,'2021-10-01','17:30:00','AGENDADO',3,97,12),(161,'2022-03-28','15:30:00','AGENDADO',1,250,12),(162,'2022-02-15','15:30:00','AGENDADO',3,54,3),(163,'2021-07-15','16:30:00','AGENDADO',NULL,266,5),(164,'2021-08-25','16:30:00','AGENDADO',NULL,246,2),(165,'2022-01-31','17:00:00','AGENDADO',NULL,41,6),(166,'2021-11-22','14:30:00','AGENDADO',NULL,143,2),(167,'2021-10-18','16:00:00','AGENDADO',2,94,8),(168,'2022-03-14','16:00:00','AGENDADO',NULL,160,2),(169,'2021-08-06','19:30:00','AGENDADO',2,164,9),(170,'2022-01-25','16:00:00','AGENDADO',NULL,80,13),(171,'2021-09-09','15:30:00','AGENDADO',NULL,28,4),(172,'2021-10-26','19:00:00','AGENDADO',2,257,10),(173,'2022-05-09','14:30:00','AGENDADO',NULL,41,8),(174,'2021-08-23','17:00:00','AGENDADO',2,267,5),(175,'2022-06-28','17:00:00','AGENDADO',1,186,7),(176,'2022-06-03','20:00:00','AGENDADO',1,147,10),(177,'2021-06-15','20:00:00','AGENDADO',NULL,60,12),(178,'2022-06-08','14:30:00','AGENDADO',1,48,10),(179,'2022-03-24','20:00:00','AGENDADO',2,217,3),(180,'2022-03-10','19:30:00','AGENDADO',NULL,80,10),(181,'2022-06-14','15:30:00','AGENDADO',1,34,5),(182,'2021-12-30','18:30:00','AGENDADO',3,192,8),(183,'2021-12-31','14:00:00','AGENDADO',NULL,223,2),(184,'2021-06-14','17:30:00','AGENDADO',1,47,5),(185,'2021-11-29','19:30:00','AGENDADO',NULL,251,6),(186,'2022-04-26','17:00:00','AGENDADO',NULL,63,8),(187,'2021-08-03','16:00:00','AGENDADO',NULL,14,2),(188,'2022-01-07','18:00:00','AGENDADO',2,147,11),(189,'2022-05-16','14:00:00','AGENDADO',3,58,4),(190,'2022-05-02','19:30:00','AGENDADO',NULL,118,11),(191,'2022-04-11','15:30:00','AGENDADO',2,141,2),(192,'2022-02-23','16:30:00','AGENDADO',NULL,32,4),(193,'2022-03-10','14:30:00','AGENDADO',2,179,14),(194,'2022-02-08','18:00:00','AGENDADO',3,117,3),(195,'2022-04-27','15:30:00','AGENDADO',2,35,2),(196,'2021-10-04','19:30:00','AGENDADO',2,149,9),(197,'2021-09-14','16:30:00','AGENDADO',2,171,7),(198,'2021-07-16','14:00:00','AGENDADO',3,183,6),(199,'2021-11-26','16:30:00','AGENDADO',2,138,6),(200,'2021-07-23','15:30:00','AGENDADO',3,7,1),(201,'2022-06-27','16:00:00','AGENDADO',1,87,12),(202,'2022-06-23','15:30:00','AGENDADO',1,182,2),(203,'2022-04-08','20:00:00','AGENDADO',1,212,2),(204,'2022-05-24','14:00:00','AGENDADO',1,136,6),(205,'2022-06-02','14:00:00','AGENDADO',3,246,6),(206,'2022-02-25','16:30:00','AGENDADO',1,64,7),(207,'2021-08-13','16:00:00','AGENDADO',NULL,62,10),(208,'2022-06-17','19:30:00','AGENDADO',NULL,257,10),(209,'2022-07-01','18:30:00','AGENDADO',2,67,7),(210,'2021-07-05','14:30:00','AGENDADO',1,52,14),(211,'2022-06-06','18:30:00','AGENDADO',1,199,4),(212,'2021-06-24','15:00:00','AGENDADO',2,94,11),(213,'2021-11-19','20:00:00','AGENDADO',3,255,3),(214,'2021-11-12','16:00:00','AGENDADO',3,272,2),(215,'2021-12-08','14:30:00','AGENDADO',NULL,209,13),(216,'2021-09-13','16:30:00','AGENDADO',3,95,8),(217,'2022-02-22','16:30:00','AGENDADO',3,101,9),(218,'2021-08-30','20:00:00','AGENDADO',1,74,1),(219,'2021-12-22','18:00:00','AGENDADO',3,42,13),(220,'2021-12-17','18:00:00','AGENDADO',2,18,7),(221,'2022-06-27','18:00:00','AGENDADO',2,194,13),(222,'2022-01-05','15:30:00','AGENDADO',3,202,4),(223,'2022-05-23','18:30:00','AGENDADO',2,204,7),(224,'2022-03-07','20:00:00','AGENDADO',3,142,14),(225,'2021-08-26','17:30:00','AGENDADO',1,50,11),(226,'2021-09-15','14:30:00','CONFIRMADO',3,233,10),(227,'2021-11-23','14:00:00','CONFIRMADO',NULL,55,2),(228,'2021-12-10','16:30:00','CONFIRMADO',3,122,2),(229,'2021-12-06','14:30:00','CONFIRMADO',3,241,11),(230,'2021-10-06','15:30:00','CONFIRMADO',NULL,134,10),(231,'2021-06-21','18:30:00','CONFIRMADO',1,107,4),(232,'2022-05-03','20:00:00','CONFIRMADO',1,39,11),(233,'2022-05-20','18:30:00','CONFIRMADO',1,119,13),(234,'2022-07-08','19:00:00','CONFIRMADO',NULL,52,9),(235,'2021-12-13','17:30:00','CONFIRMADO',NULL,4,6),(236,'2022-01-03','19:30:00','CONFIRMADO',3,189,6),(237,'2022-01-04','15:30:00','CONFIRMADO',1,251,2),(238,'2021-11-15','15:00:00','CONFIRMADO',3,127,8),(239,'2022-05-06','14:30:00','CONFIRMADO',3,26,8),(240,'2021-07-23','14:00:00','CONFIRMADO',1,81,4),(241,'2021-12-07','20:00:00','CONFIRMADO',2,8,7),(242,'2022-01-06','15:00:00','CONFIRMADO',1,217,13),(243,'2021-11-11','17:00:00','CONFIRMADO',1,191,2),(244,'2021-06-14','15:00:00','CONFIRMADO',3,99,12),(245,'2022-01-25','15:00:00','CONFIRMADO',2,171,5),(246,'2021-12-31','17:00:00','CONFIRMADO',NULL,232,6),(247,'2021-09-10','17:00:00','CONFIRMADO',2,243,1),(248,'2022-01-31','19:30:00','CONFIRMADO',NULL,129,8),(249,'2022-06-20','14:30:00','CONFIRMADO',2,140,3),(250,'2022-03-18','14:00:00','CONFIRMADO',1,151,13),(251,'2022-02-22','19:00:00','CONFIRMADO',1,179,10),(252,'2022-06-20','15:30:00','CONFIRMADO',NULL,157,4),(253,'2022-06-14','18:30:00','CONFIRMADO',1,46,6),(254,'2022-05-13','15:00:00','CONFIRMADO',1,266,12),(255,'2021-09-29','16:00:00','CONFIRMADO',3,23,7),(256,'2021-09-30','15:00:00','CONFIRMADO',2,243,7),(257,'2021-08-02','18:30:00','CONFIRMADO',1,101,12),(258,'2022-02-11','15:30:00','CONFIRMADO',NULL,104,8),(259,'2022-03-14','20:00:00','CONFIRMADO',3,97,13),(260,'2021-11-26','15:30:00','CONFIRMADO',3,51,7),(261,'2022-03-25','16:30:00','CONFIRMADO',NULL,162,13),(262,'2022-06-23','20:00:00','CONFIRMADO',3,257,12),(263,'2021-10-13','19:30:00','CONFIRMADO',3,57,8),(264,'2022-06-22','18:30:00','CONFIRMADO',1,202,2),(265,'2021-07-19','15:00:00','CONFIRMADO',3,163,8),(266,'2022-05-20','18:00:00','CONFIRMADO',2,105,12),(267,'2022-06-27','18:00:00','CONFIRMADO',1,2,11),(268,'2022-03-02','19:30:00','CONFIRMADO',1,56,6),(269,'2021-11-29','20:00:00','CONFIRMADO',2,122,11),(270,'2021-08-09','14:30:00','CONFIRMADO',2,24,4),(271,'2022-04-28','18:00:00','CONFIRMADO',3,56,5),(272,'2022-05-30','15:00:00','CONFIRMADO',2,138,13),(273,'2021-12-27','18:00:00','CONFIRMADO',2,52,3),(274,'2021-06-25','15:00:00','CONFIRMADO',2,269,10),(275,'2022-06-15','14:30:00','CONFIRMADO',NULL,13,6),(276,'2022-01-06','16:00:00','CONFIRMADO',1,198,7),(277,'2022-06-24','19:00:00','CONFIRMADO',NULL,224,12),(278,'2021-07-02','17:00:00','CONFIRMADO',2,5,6),(279,'2021-06-18','19:30:00','CONFIRMADO',2,112,3),(280,'2022-02-25','14:30:00','CONFIRMADO',3,106,10),(281,'2021-09-06','14:30:00','CONFIRMADO',3,65,8),(282,'2022-03-04','19:30:00','CONFIRMADO',NULL,203,12),(283,'2022-05-20','18:30:00','CONFIRMADO',1,183,9),(284,'2021-08-02','18:00:00','CONFIRMADO',NULL,51,3),(285,'2021-10-04','17:00:00','CONFIRMADO',3,84,8),(286,'2022-03-07','16:00:00','CONFIRMADO',3,57,3),(287,'2022-03-22','18:00:00','CONFIRMADO',1,260,10),(288,'2022-02-03','16:00:00','CONFIRMADO',2,126,13),(289,'2021-07-19','17:30:00','CONFIRMADO',1,261,13),(290,'2021-08-31','15:00:00','CONFIRMADO',1,171,8),(291,'2021-09-27','15:00:00','CONFIRMADO',1,97,12),(292,'2022-01-11','15:30:00','CONFIRMADO',NULL,198,6),(293,'2022-05-05','15:00:00','CONFIRMADO',NULL,253,11),(294,'2021-10-15','18:30:00','CONFIRMADO',2,35,6),(295,'2021-07-26','20:00:00','CONFIRMADO',3,231,3),(296,'2022-03-08','15:00:00','CONFIRMADO',NULL,243,9),(297,'2021-10-25','16:00:00','CONFIRMADO',NULL,110,9),(298,'2021-11-29','20:00:00','CONFIRMADO',NULL,264,7),(299,'2022-01-26','18:30:00','CONFIRMADO',2,235,11),(300,'2022-02-24','17:30:00','CONFIRMADO',NULL,74,10),(301,'2021-11-29','17:30:00','CONFIRMADO',NULL,128,3),(302,'2021-10-04','16:30:00','CONFIRMADO',1,21,8),(303,'2022-05-23','18:30:00','CONFIRMADO',2,19,12),(304,'2021-10-28','16:00:00','CONFIRMADO',3,28,12),(305,'2021-08-17','17:00:00','CONFIRMADO',3,85,12),(367,'2021-12-23','17:30:00','ENCERRADO',3,81,11),(368,'2021-11-02','14:30:00','ENCERRADO',NULL,92,13),(369,'2022-01-27','18:30:00','ENCERRADO',2,127,8),(370,'2022-02-01','14:30:00','ENCERRADO',NULL,249,4),(371,'2022-05-06','16:30:00','ENCERRADO',2,86,12),(372,'2022-04-25','18:00:00','ENCERRADO',3,84,3),(373,'2021-09-17','16:30:00','ENCERRADO',NULL,247,11),(374,'2022-02-16','17:30:00','ENCERRADO',3,215,12),(375,'2022-05-26','18:00:00','ENCERRADO',1,173,10),(376,'2021-07-09','15:00:00','ENCERRADO',NULL,75,8),(377,'2021-10-18','19:30:00','ENCERRADO',NULL,181,4),(378,'2022-04-20','20:00:00','ENCERRADO',1,241,3),(379,'2022-05-19','14:00:00','ENCERRADO',NULL,22,12),(380,'2021-10-13','16:00:00','ENCERRADO',1,245,7),(381,'2022-06-10','16:00:00','ENCERRADO',2,17,2),(382,'2022-02-10','15:30:00','ENCERRADO',3,9,11),(383,'2022-06-13','20:00:00','ENCERRADO',1,210,8),(384,'2021-08-04','15:00:00','ENCERRADO',3,66,8),(385,'2021-09-30','14:00:00','ENCERRADO',1,15,11),(386,'2021-10-26','19:00:00','ENCERRADO',2,138,2),(387,'2021-09-08','19:30:00','ENCERRADO',3,43,13),(388,'2022-06-27','15:00:00','ENCERRADO',3,225,9),(389,'2022-04-29','18:00:00','ENCERRADO',3,81,8),(390,'2021-06-17','15:00:00','ENCERRADO',3,86,3),(391,'2021-12-16','19:00:00','ENCERRADO',2,24,9),(392,'2022-02-15','14:30:00','ENCERRADO',1,134,9),(393,'2021-06-11','17:00:00','ENCERRADO',2,54,10),(394,'2021-12-27','16:00:00','ENCERRADO',3,200,11),(395,'2022-03-25','14:00:00','ENCERRADO',1,2,3),(396,'2022-04-04','16:30:00','ENCERRADO',2,18,11),(397,'2021-09-06','14:00:00','ENCERRADO',2,49,6),(398,'2022-04-13','17:30:00','ENCERRADO',3,230,13),(399,'2021-11-15','19:30:00','ENCERRADO',1,153,8),(400,'2022-05-09','19:00:00','ENCERRADO',NULL,19,8),(401,'2022-07-05','15:30:00','ENCERRADO',2,67,10),(402,'2021-11-26','18:30:00','ENCERRADO',3,42,6),(403,'2021-11-23','18:30:00','ENCERRADO',1,40,2),(404,'2022-03-18','16:30:00','ENCERRADO',3,78,6),(405,'2022-06-20','15:00:00','ENCERRADO',2,172,7),(406,'2022-02-10','14:00:00','ENCERRADO',2,92,12),(407,'2021-12-06','15:00:00','ENCERRADO',3,12,4),(408,'2022-04-22','16:30:00','ENCERRADO',NULL,50,2),(409,'2021-08-17','15:00:00','ENCERRADO',2,36,13),(410,'2021-08-23','17:00:00','ENCERRADO',3,182,14),(411,'2022-01-25','17:30:00','ENCERRADO',1,84,4),(412,'2022-04-27','19:30:00','ENCERRADO',3,43,1),(413,'2021-10-26','19:00:00','ENCERRADO',NULL,259,7),(414,'2022-04-19','20:00:00','ENCERRADO',1,127,7),(415,'2022-02-03','17:30:00','ENCERRADO',3,249,6),(416,'2022-03-07','14:00:00','ENCERRADO',2,264,3),(417,'2022-05-23','19:00:00','ENCERRADO',2,160,12),(418,'2021-12-16','20:00:00','ENCERRADO',NULL,154,7),(419,'2021-06-21','15:30:00','ENCERRADO',3,180,8),(420,'2021-08-03','20:00:00','ENCERRADO',NULL,158,2),(421,'2022-02-08','19:00:00','ENCERRADO',3,20,5),(422,'2021-12-16','15:30:00','ENCERRADO',3,29,3),(423,'2022-05-19','17:30:00','ENCERRADO',2,229,7),(424,'2021-08-27','18:30:00','ENCERRADO',NULL,36,2),(425,'2021-07-06','15:00:00','ENCERRADO',2,114,13),(426,'2022-02-07','15:30:00','ENCERRADO',NULL,77,3),(427,'2021-11-08','14:30:00','ENCERRADO',NULL,230,4),(428,'2021-06-29','14:00:00','ENCERRADO',NULL,267,9),(429,'2022-04-04','15:00:00','ENCERRADO',NULL,134,11),(430,'2021-07-16','17:00:00','ENCERRADO',2,5,10),(431,'2022-05-06','14:00:00','ENCERRADO',1,108,6),(432,'2021-11-29','17:00:00','ENCERRADO',NULL,142,14),(433,'2022-05-27','15:30:00','ENCERRADO',3,58,7),(434,'2021-09-06','18:00:00','ENCERRADO',1,243,10),(435,'2021-09-20','18:30:00','ENCERRADO',3,128,2),(436,'2022-06-03','16:00:00','ENCERRADO',3,101,10),(437,'2021-06-25','16:00:00','ENCERRADO',3,181,5),(438,'2021-10-18','20:00:00','ENCERRADO',3,3,14),(439,'2022-06-06','18:30:00','ENCERRADO',2,72,10),(440,'2021-07-05','17:00:00','ENCERRADO',NULL,163,8),(441,'2021-11-02','19:30:00','ENCERRADO',1,197,2),(442,'2022-03-04','16:30:00','ENCERRADO',1,75,5),(443,'2021-08-24','16:30:00','ENCERRADO',2,20,8),(444,'2021-06-22','14:30:00','ENCERRADO',3,147,13),(445,'2022-04-04','18:00:00','ENCERRADO',3,171,3),(446,'2021-11-08','14:00:00','ENCERRADO',2,122,12),(447,'2021-08-24','14:00:00','ENCERRADO',2,151,4),(448,'2022-01-24','14:00:00','ENCERRADO',3,249,7),(449,'2022-03-08','16:00:00','ENCERRADO',1,105,3),(450,'2022-02-04','20:00:00','ENCERRADO',3,233,1),(451,'2022-03-29','14:30:00','ENCERRADO',NULL,251,6),(452,'2021-09-03','15:00:00','ENCERRADO',3,60,14),(453,'2021-11-18','15:00:00','ENCERRADO',NULL,262,6),(454,'2022-04-13','15:30:00','ENCERRADO',3,152,2),(455,'2021-11-11','14:30:00','ENCERRADO',1,210,7),(456,'2021-09-02','16:30:00','ENCERRADO',1,132,10),(457,'2021-12-24','18:00:00','ENCERRADO',2,93,3),(458,'2021-07-23','14:30:00','ENCERRADO',3,126,13),(459,'2022-01-17','17:00:00','ENCERRADO',NULL,228,9),(460,'2021-08-25','14:30:00','ENCERRADO',2,45,9),(461,'2021-07-05','14:30:00','ENCERRADO',2,91,13),(462,'2022-07-01','20:00:00','ENCERRADO',1,94,3),(463,'2022-01-18','20:00:00','ENCERRADO',1,95,12),(464,'2021-11-05','17:00:00','ENCERRADO',1,163,11),(465,'2021-08-18','16:30:00','ENCERRADO',NULL,215,6),(466,'2021-06-28','18:30:00','ENCERRADO',NULL,65,9),(467,'2022-02-04','20:00:00','ENCERRADO',1,121,10),(468,'2022-05-30','16:00:00','ENCERRADO',1,158,13),(469,'2022-01-06','14:30:00','ENCERRADO',NULL,118,14),(470,'2022-04-07','14:00:00','ENCERRADO',NULL,160,13),(471,'2021-06-24','19:30:00','ENCERRADO',NULL,76,13),(472,'2022-02-01','14:00:00','ENCERRADO',2,53,1),(473,'2021-08-27','16:30:00','ENCERRADO',3,215,10),(474,'2022-05-30','19:00:00','ENCERRADO',NULL,147,2),(475,'2021-12-31','14:30:00','ENCERRADO',2,201,12),(476,'2022-03-25','16:30:00','ENCERRADO',NULL,56,10),(527,'2021-07-09','19:00:00','ENCERRADO',NULL,135,3),(528,'2021-12-15','15:00:00','ENCERRADO',2,97,13),(529,'2021-09-10','14:00:00','ENCERRADO',3,50,8),(530,'2021-07-16','19:30:00','ENCERRADO',3,217,9),(531,'2021-09-14','19:00:00','ENCERRADO',NULL,194,4),(532,'2021-06-15','19:00:00','ENCERRADO',NULL,270,3),(533,'2022-06-10','18:00:00','ENCERRADO',1,85,14),(534,'2021-06-17','16:00:00','ENCERRADO',3,143,6),(535,'2022-02-25','16:30:00','ENCERRADO',NULL,199,12),(536,'2021-12-01','18:30:00','ENCERRADO',NULL,218,11),(537,'2021-07-16','17:00:00','ENCERRADO',2,270,1),(538,'2022-06-08','20:00:00','ENCERRADO',3,17,10),(539,'2022-02-28','17:00:00','ENCERRADO',NULL,81,6),(540,'2021-08-20','18:30:00','ENCERRADO',2,14,2),(541,'2022-07-05','16:30:00','ENCERRADO',2,237,14),(542,'2022-01-17','16:30:00','ENCERRADO',NULL,42,11),(543,'2022-03-03','14:00:00','ENCERRADO',2,159,6),(544,'2022-01-13','14:00:00','ENCERRADO',3,202,12),(545,'2022-04-08','14:00:00','ENCERRADO',NULL,181,4),(546,'2022-04-11','19:00:00','ENCERRADO',2,216,1),(547,'2021-06-08','18:30:00','ENCERRADO',NULL,204,7),(548,'2021-08-18','17:30:00','ENCERRADO',3,214,9),(549,'2021-06-18','14:30:00','ENCERRADO',NULL,256,7),(550,'2021-10-28','17:00:00','ENCERRADO',3,203,13),(551,'2021-07-13','15:30:00','ENCERRADO',3,266,10),(552,'2021-06-18','14:30:00','ENCERRADO',2,113,5),(553,'2022-01-06','15:30:00','ENCERRADO',NULL,51,11),(554,'2021-07-02','16:30:00','ENCERRADO',1,241,12),(555,'2021-08-30','17:30:00','ENCERRADO',NULL,171,10),(556,'2021-08-23','16:00:00','ENCERRADO',3,2,8),(557,'2021-09-24','14:30:00','ENCERRADO',1,256,13),(558,'2022-03-11','19:30:00','ENCERRADO',NULL,197,11),(559,'2022-02-24','17:30:00','ENCERRADO',1,170,3),(560,'2021-07-22','20:00:00','ENCERRADO',NULL,139,13),(561,'2022-04-25','18:00:00','ENCERRADO',1,204,5),(562,'2021-11-26','20:00:00','ENCERRADO',NULL,112,8),(563,'2022-04-18','15:30:00','ENCERRADO',2,235,12),(564,'2021-11-18','19:30:00','ENCERRADO',1,167,5),(565,'2021-07-23','18:30:00','ENCERRADO',NULL,220,6),(566,'2021-11-03','19:30:00','ENCERRADO',3,273,12),(567,'2021-10-29','14:00:00','ENCERRADO',1,51,1),(568,'2021-07-21','15:30:00','ENCERRADO',1,60,10),(569,'2021-12-24','16:00:00','ENCERRADO',3,251,13),(570,'2022-03-08','18:00:00','ENCERRADO',NULL,209,3),(571,'2021-09-24','20:00:00','ENCERRADO',NULL,255,2),(572,'2021-06-24','15:30:00','ENCERRADO',NULL,92,10),(573,'2021-12-21','17:30:00','ENCERRADO',1,184,1),(574,'2021-07-29','17:00:00','ENCERRADO',2,209,7),(575,'2021-12-30','19:30:00','ENCERRADO',2,175,10),(576,'2021-11-16','14:00:00','ENCERRADO',2,201,1),(577,'2021-06-25','15:30:00','ENCERRADO',NULL,151,4),(578,'2021-11-22','17:00:00','ENCERRADO',1,233,3),(579,'2021-10-20','19:30:00','ENCERRADO',1,71,7),(580,'2021-07-05','18:00:00','ENCERRADO',3,91,1),(581,'2021-12-24','18:30:00','ENCERRADO',3,10,9),(582,'2022-06-03','19:00:00','ENCERRADO',3,42,5),(583,'2022-07-04','19:00:00','ENCERRADO',3,121,6),(584,'2022-03-21','14:30:00','ENCERRADO',NULL,3,12),(585,'2021-07-05','19:30:00','ENCERRADO',2,46,3),(586,'2022-06-24','18:30:00','ENCERRADO',1,107,2),(587,'2022-04-26','18:30:00','ENCERRADO',NULL,30,6),(588,'2022-02-14','15:30:00','ENCERRADO',2,134,13),(589,'2022-04-21','18:30:00','ENCERRADO',NULL,162,8),(590,'2021-09-14','16:00:00','ENCERRADO',NULL,213,7),(591,'2022-06-24','20:00:00','ENCERRADO',2,33,11),(592,'2022-05-31','16:00:00','ENCERRADO',NULL,91,13),(593,'2022-04-25','18:00:00','ENCERRADO',3,79,10),(594,'2022-04-18','18:00:00','ENCERRADO',2,240,14),(595,'2022-01-05','19:00:00','ENCERRADO',3,174,12),(596,'2021-11-03','20:00:00','ENCERRADO',NULL,207,7),(597,'2022-07-07','18:30:00','ENCERRADO',1,13,5),(598,'2021-11-30','15:00:00','ENCERRADO',2,259,6),(599,'2021-12-10','16:00:00','ENCERRADO',3,147,5),(600,'2021-10-06','15:00:00','ENCERRADO',2,271,4),(601,'2021-10-19','14:00:00','ENCERRADO',NULL,189,4),(602,'2021-11-30','16:00:00','ENCERRADO',3,257,11),(603,'2021-12-20','18:30:00','ENCERRADO',2,178,13),(604,'2021-07-27','15:30:00','ENCERRADO',NULL,176,3),(605,'2021-11-04','15:30:00','ENCERRADO',1,44,9),(606,'2021-09-07','17:00:00','ENCERRADO',1,165,2),(607,'2021-07-09','17:00:00','ENCERRADO',1,110,2),(608,'2021-06-10','17:30:00','ENCERRADO',NULL,114,12),(609,'2021-08-30','16:30:00','ENCERRADO',NULL,261,7),(610,'2021-08-03','14:30:00','ENCERRADO',NULL,73,14),(611,'2022-02-01','15:30:00','ENCERRADO',2,96,2),(612,'2021-10-18','20:00:00','ENCERRADO',3,168,2),(613,'2021-11-01','19:00:00','ENCERRADO',2,51,2),(614,'2021-11-15','16:30:00','ENCERRADO',1,164,6),(615,'2022-01-20','16:30:00','ENCERRADO',2,109,1),(616,'2022-06-02','15:00:00','ENCERRADO',2,177,5),(617,'2021-08-20','15:00:00','ENCERRADO',2,271,4),(618,'2022-04-06','16:30:00','ENCERRADO',NULL,103,10),(619,'2022-04-28','15:00:00','ENCERRADO',3,87,9),(620,'2022-03-11','17:00:00','ENCERRADO',NULL,88,12),(621,'2021-11-30','15:00:00','ENCERRADO',3,111,13),(622,'2022-06-09','16:30:00','ENCERRADO',3,236,7),(623,'2022-06-03','19:00:00','ENCERRADO',1,239,8),(624,'2022-05-19','18:00:00','ENCERRADO',3,173,5),(625,'2021-10-29','17:00:00','ENCERRADO',2,165,2),(626,'2021-06-14','19:00:00','ENCERRADO',NULL,260,7),(627,'2021-06-08','15:00:00','ENCERRADO',NULL,78,1),(628,'2021-06-30','17:00:00','ENCERRADO',3,131,11),(629,'2022-06-10','16:00:00','ENCERRADO',3,26,3),(630,'2021-10-01','15:30:00','ENCERRADO',1,160,10),(631,'2021-11-15','14:30:00','ENCERRADO',NULL,254,9),(632,'2021-10-18','15:30:00','ENCERRADO',3,134,13),(633,'2021-07-09','19:30:00','ENCERRADO',2,119,4),(634,'2022-02-14','19:00:00','ENCERRADO',3,146,2),(635,'2021-09-08','20:00:00','ENCERRADO',3,125,3),(636,'2021-08-25','17:30:00','ENCERRADO',2,81,9),(637,'2021-06-28','16:30:00','ENCERRADO',NULL,188,12),(638,'2022-05-02','19:00:00','ENCERRADO',1,91,10),(639,'2021-08-23','20:00:00','ENCERRADO',1,230,8),(640,'2021-06-09','19:30:00','ENCERRADO',3,121,12),(641,'2021-08-23','16:30:00','ENCERRADO',1,11,7),(642,'2022-02-09','16:00:00','ENCERRADO',NULL,4,12),(643,'2022-02-07','14:00:00','ENCERRADO',NULL,43,3),(644,'2021-11-04','14:00:00','ENCERRADO',NULL,161,13),(645,'2022-01-07','17:30:00','ENCERRADO',1,103,7),(646,'2022-03-11','16:00:00','ENCERRADO',2,108,10),(647,'2022-01-12','18:30:00','ENCERRADO',2,122,10),(648,'2022-04-14','19:30:00','ENCERRADO',2,45,5),(649,'2022-02-07','16:30:00','ENCERRADO',1,162,1),(650,'2021-09-06','14:30:00','ENCERRADO',NULL,47,11),(651,'2021-11-15','18:30:00','ENCERRADO',2,104,4),(652,'2022-06-16','14:00:00','ENCERRADO',2,141,12),(653,'2022-03-14','18:30:00','ENCERRADO',NULL,43,5),(654,'2021-07-12','16:30:00','ENCERRADO',1,122,9),(655,'2021-12-24','19:30:00','ENCERRADO',3,80,6),(656,'2022-02-02','17:00:00','ENCERRADO',NULL,183,12),(657,'2022-02-04','19:00:00','ENCERRADO',1,31,13),(658,'2022-05-16','18:00:00','ENCERRADO',3,182,9),(659,'2021-12-07','14:00:00','ENCERRADO',1,137,11),(660,'2021-08-13','20:00:00','ENCERRADO',NULL,195,9),(661,'2021-06-07','18:00:00','ENCERRADO',1,246,4),(662,'2021-06-21','15:00:00','ENCERRADO',1,16,3),(663,'2022-05-19','14:00:00','ENCERRADO',1,232,10),(664,'2022-05-23','16:00:00','ENCERRADO',1,29,9),(665,'2021-07-16','14:30:00','ENCERRADO',2,168,2),(666,'2021-06-23','16:30:00','ENCERRADO',2,127,1),(667,'2021-06-09','19:00:00','ENCERRADO',NULL,124,11),(668,'2022-04-08','18:00:00','ENCERRADO',NULL,247,9),(669,'2022-02-21','17:30:00','ENCERRADO',3,254,11),(670,'2021-09-07','15:00:00','ENCERRADO',1,17,8),(671,'2021-09-10','16:00:00','ENCERRADO',3,30,6),(672,'2021-10-06','15:30:00','ENCERRADO',1,86,11),(673,'2021-09-07','19:00:00','ENCERRADO',1,6,11),(674,'2021-08-26','16:00:00','ENCERRADO',NULL,109,9),(675,'2022-05-13','15:00:00','ENCERRADO',3,69,13),(676,'2021-12-20','18:30:00','ENCERRADO',3,42,7),(677,'2022-04-28','15:30:00','ENCERRADO',NULL,178,5),(678,'2022-05-20','19:00:00','ENCERRADO',NULL,128,13),(679,'2022-01-31','18:00:00','ENCERRADO',1,22,9),(680,'2021-08-12','16:00:00','ENCERRADO',2,258,5),(681,'2022-04-20','19:30:00','ENCERRADO',3,125,4),(682,'2022-02-22','19:30:00','ENCERRADO',1,265,9),(683,'2022-05-20','20:00:00','ENCERRADO',2,100,11),(684,'2021-09-02','19:30:00','ENCERRADO',2,38,13),(685,'2021-07-19','18:00:00','ENCERRADO',3,268,9),(686,'2021-12-03','18:00:00','ENCERRADO',NULL,167,1),(687,'2022-04-19','17:00:00','ENCERRADO',2,114,4),(688,'2022-06-27','19:00:00','ENCERRADO',3,254,10),(689,'2021-06-28','18:00:00','ENCERRADO',NULL,150,5),(690,'2021-06-25','16:30:00','ENCERRADO',1,71,10),(691,'2021-10-01','14:00:00','ENCERRADO',1,196,4),(692,'2021-09-28','14:30:00','ENCERRADO',NULL,93,1),(693,'2021-12-03','19:00:00','ENCERRADO',NULL,43,4),(694,'2021-07-12','16:00:00','ENCERRADO',1,197,2),(695,'2022-04-12','19:00:00','ENCERRADO',3,81,10),(696,'2022-03-17','15:00:00','ENCERRADO',1,230,9),(697,'2021-08-27','19:00:00','ENCERRADO',3,203,9),(698,'2022-05-20','16:00:00','ENCERRADO',2,16,10),(699,'2021-08-13','16:00:00','ENCERRADO',3,153,11),(700,'2022-04-15','15:00:00','ENCERRADO',1,9,1),(701,'2022-03-04','18:30:00','ENCERRADO',2,140,7),(702,'2021-12-06','20:00:00','ENCERRADO',2,27,5),(703,'2021-11-22','19:30:00','ENCERRADO',3,13,4),(704,'2022-01-11','16:00:00','ENCERRADO',1,29,12),(705,'2022-04-26','18:00:00','ENCERRADO',2,10,9),(706,'2022-05-23','16:00:00','ENCERRADO',1,18,14),(767,'2021-08-16','19:30:00','ENCERRADO',3,90,13),(768,'2021-12-03','20:00:00','ENCERRADO',2,145,11),(769,'2022-03-15','14:00:00','ENCERRADO',1,65,4),(770,'2022-06-24','15:00:00','ENCERRADO',1,272,8),(771,'2021-09-14','16:30:00','ENCERRADO',NULL,80,14),(772,'2022-03-18','16:00:00','ENCERRADO',NULL,135,1),(773,'2022-06-06','16:00:00','ENCERRADO',3,180,5),(774,'2021-11-10','17:00:00','ENCERRADO',1,40,6),(775,'2021-08-04','18:30:00','ENCERRADO',3,90,13),(776,'2021-06-30','16:00:00','ENCERRADO',NULL,272,8),(777,'2022-01-05','16:30:00','ENCERRADO',NULL,254,4),(778,'2021-10-15','18:00:00','ENCERRADO',2,250,3),(779,'2021-09-06','18:00:00','ENCERRADO',2,246,2),(780,'2021-06-10','20:00:00','ENCERRADO',3,67,5),(781,'2021-12-10','14:30:00','ENCERRADO',3,35,12),(782,'2021-08-03','17:30:00','ENCERRADO',3,91,4),(783,'2021-08-30','14:00:00','ENCERRADO',NULL,224,2),(784,'2022-06-20','14:00:00','ENCERRADO',2,110,5),(785,'2022-02-24','20:00:00','ENCERRADO',3,6,12),(786,'2022-06-27','18:00:00','ENCERRADO',NULL,157,3),(787,'2022-03-21','18:00:00','ENCERRADO',1,44,2),(788,'2022-03-25','17:30:00','ENCERRADO',NULL,43,11),(789,'2021-08-13','17:00:00','ENCERRADO',2,237,13),(790,'2021-10-12','15:30:00','ENCERRADO',2,30,13),(791,'2021-08-27','17:00:00','ENCERRADO',NULL,139,7),(792,'2021-11-30','15:00:00','ENCERRADO',1,94,4),(793,'2021-12-06','19:00:00','ENCERRADO',NULL,126,8),(794,'2022-02-17','15:00:00','ENCERRADO',2,95,3),(795,'2021-06-23','16:30:00','ENCERRADO',1,215,13),(796,'2022-07-01','19:30:00','ENCERRADO',NULL,16,9),(807,'2022-03-14','15:30:00','ENCERRADO',2,185,8),(808,'2022-01-07','17:00:00','ENCERRADO',2,145,6),(809,'2021-11-30','18:00:00','ENCERRADO',NULL,29,6),(810,'2021-12-16','15:00:00','ENCERRADO',3,57,14),(811,'2021-12-09','18:30:00','ENCERRADO',NULL,227,9),(812,'2022-04-21','18:00:00','ENCERRADO',1,192,4),(813,'2021-12-06','17:00:00','ENCERRADO',3,46,8),(814,'2022-02-14','20:00:00','ENCERRADO',3,53,3),(815,'2022-04-26','16:00:00','ENCERRADO',3,66,11),(816,'2021-11-25','19:30:00','ENCERRADO',1,143,8),(817,'2022-01-31','16:00:00','ENCERRADO',NULL,105,3),(818,'2021-10-25','15:30:00','ENCERRADO',2,212,13),(819,'2021-10-28','18:30:00','ENCERRADO',2,79,5),(820,'2022-06-27','14:00:00','ENCERRADO',3,141,14),(821,'2021-09-09','20:00:00','ENCERRADO',1,81,3),(822,'2022-05-27','16:30:00','ENCERRADO',NULL,156,5),(823,'2022-03-09','15:30:00','ENCERRADO',2,198,9),(824,'2022-04-22','15:30:00','ENCERRADO',2,37,12),(825,'2021-12-15','16:00:00','ENCERRADO',1,245,10),(826,'2021-11-01','15:00:00','ENCERRADO',3,49,10),(827,'2021-12-01','20:00:00','ENCERRADO',2,56,13),(828,'2021-11-11','14:00:00','ENCERRADO',NULL,130,4),(829,'2021-06-14','20:00:00','ENCERRADO',3,24,13),(830,'2022-02-14','16:30:00','ENCERRADO',2,169,9),(831,'2021-11-04','16:30:00','ENCERRADO',NULL,159,13),(832,'2021-11-05','18:00:00','ENCERRADO',2,77,5),(833,'2021-09-09','14:30:00','ENCERRADO',1,191,13),(834,'2021-12-08','14:30:00','ENCERRADO',2,21,1),(835,'2022-06-10','16:30:00','ENCERRADO',2,157,9),(836,'2022-01-07','14:30:00','ENCERRADO',NULL,209,2),(837,'2021-06-21','16:30:00','ENCERRADO',NULL,30,10),(838,'2022-03-01','15:00:00','ENCERRADO',NULL,147,1),(839,'2022-03-30','17:00:00','ENCERRADO',1,157,7),(840,'2022-04-28','14:00:00','ENCERRADO',3,188,4),(841,'2021-10-04','16:30:00','ENCERRADO',NULL,161,7),(842,'2021-12-24','14:30:00','ENCERRADO',2,107,5),(843,'2022-05-09','20:00:00','ENCERRADO',1,118,10),(844,'2022-02-28','18:30:00','ENCERRADO',3,47,12),(845,'2022-02-17','19:00:00','ENCERRADO',NULL,135,9),(846,'2021-12-24','18:30:00','ENCERRADO',2,261,11),(847,'2021-08-30','17:00:00','ENCERRADO',1,117,8),(848,'2021-08-16','17:30:00','ENCERRADO',2,39,6),(849,'2022-01-28','19:00:00','ENCERRADO',3,155,6),(850,'2022-04-18','18:00:00','ENCERRADO',3,225,10),(851,'2021-11-03','19:30:00','ENCERRADO',3,63,11),(852,'2021-12-15','14:00:00','ENCERRADO',1,140,4),(853,'2022-01-31','14:30:00','ENCERRADO',3,155,12),(854,'2022-02-21','20:00:00','ENCERRADO',1,193,13),(855,'2021-10-11','16:00:00','ENCERRADO',3,102,8),(856,'2021-07-12','14:30:00','ENCERRADO',1,156,2),(857,'2022-04-06','17:00:00','ENCERRADO',3,5,1),(858,'2021-12-13','14:00:00','ENCERRADO',3,186,11),(859,'2021-12-23','17:30:00','ENCERRADO',3,186,12),(860,'2022-03-22','19:00:00','ENCERRADO',NULL,76,8),(861,'2021-06-29','14:00:00','ENCERRADO',2,104,12),(862,'2022-03-16','16:00:00','ENCERRADO',1,113,6),(863,'2021-06-28','15:30:00','ENCERRADO',NULL,223,11),(864,'2022-01-17','14:00:00','ENCERRADO',3,22,3),(865,'2021-07-23','14:00:00','ENCERRADO',NULL,148,9),(866,'2021-12-20','15:00:00','ENCERRADO',2,63,6),(867,'2022-01-31','18:00:00','ENCERRADO',3,99,8),(868,'2021-09-17','16:30:00','ENCERRADO',2,168,7),(869,'2022-03-15','17:00:00','ENCERRADO',2,44,10),(870,'2022-04-18','19:00:00','ENCERRADO',NULL,62,9),(871,'2021-12-17','18:30:00','ENCERRADO',3,248,10),(872,'2021-12-10','17:30:00','ENCERRADO',1,14,10),(873,'2022-01-28','14:00:00','ENCERRADO',1,72,3),(874,'2022-04-08','16:00:00','ENCERRADO',2,173,2),(875,'2021-06-25','17:00:00','ENCERRADO',NULL,122,9),(876,'2021-06-28','15:00:00','ENCERRADO',2,118,9),(877,'2022-03-29','17:00:00','ENCERRADO',NULL,194,4),(878,'2021-09-02','19:30:00','ENCERRADO',1,35,10),(879,'2021-10-04','20:00:00','ENCERRADO',3,260,14),(880,'2022-01-05','16:30:00','ENCERRADO',1,259,9),(881,'2021-12-31','18:30:00','ENCERRADO',1,34,1),(882,'2021-12-14','16:00:00','ENCERRADO',NULL,188,2),(883,'2022-02-28','18:30:00','ENCERRADO',NULL,8,4),(884,'2021-09-06','19:30:00','ENCERRADO',2,213,7),(885,'2022-02-22','16:00:00','ENCERRADO',1,87,3),(886,'2022-05-17','14:30:00','ENCERRADO',3,14,12),(887,'2021-10-21','18:00:00','ENCERRADO',3,80,9),(888,'2022-05-11','19:00:00','ENCERRADO',1,97,2),(889,'2021-09-20','17:30:00','ENCERRADO',3,238,6),(890,'2022-07-01','18:00:00','ENCERRADO',1,248,9),(891,'2021-12-06','19:30:00','ENCERRADO',1,113,5),(892,'2021-12-31','18:30:00','ENCERRADO',NULL,195,14),(893,'2021-09-23','16:30:00','ENCERRADO',3,35,8),(894,'2022-06-23','15:30:00','ENCERRADO',NULL,149,5),(895,'2022-06-08','18:30:00','ENCERRADO',2,90,8),(896,'2022-07-04','15:00:00','ENCERRADO',NULL,142,7),(897,'2021-06-10','15:30:00','ENCERRADO',2,34,3),(898,'2021-11-19','20:00:00','ENCERRADO',1,15,6),(899,'2021-12-28','20:00:00','ENCERRADO',NULL,139,14),(900,'2022-04-25','15:30:00','ENCERRADO',2,265,5),(901,'2022-05-02','14:00:00','ENCERRADO',NULL,222,13),(902,'2022-03-09','15:30:00','ENCERRADO',1,165,11),(903,'2022-05-27','14:00:00','ENCERRADO',1,29,10),(904,'2021-06-28','18:00:00','ENCERRADO',3,249,6),(905,'2021-08-27','16:00:00','ENCERRADO',2,233,5),(906,'2021-10-18','14:30:00','ENCERRADO',NULL,156,7),(907,'2022-06-17','18:00:00','ENCERRADO',3,126,13),(908,'2021-07-02','20:00:00','ENCERRADO',2,193,10),(909,'2021-07-05','16:30:00','ENCERRADO',3,271,10),(910,'2021-08-06','20:00:00','ENCERRADO',3,161,4),(911,'2022-03-28','14:00:00','ENCERRADO',3,146,8),(912,'2022-02-24','15:30:00','ENCERRADO',3,163,12),(913,'2021-10-13','19:30:00','ENCERRADO',2,179,9),(914,'2021-07-09','19:00:00','ENCERRADO',3,154,6),(915,'2021-12-06','15:30:00','ENCERRADO',NULL,186,13),(916,'2022-03-14','17:30:00','ENCERRADO',2,160,7),(917,'2022-03-18','18:00:00','ENCERRADO',1,58,10),(918,'2022-01-13','17:00:00','ENCERRADO',2,1,10),(919,'2022-02-04','14:00:00','ENCERRADO',1,244,9),(920,'2022-03-28','16:30:00','ENCERRADO',NULL,40,8),(921,'2022-01-24','19:00:00','ENCERRADO',NULL,42,7),(922,'2022-05-17','14:30:00','ENCERRADO',NULL,167,10),(923,'2022-06-06','17:00:00','ENCERRADO',2,48,3),(924,'2021-06-28','15:00:00','ENCERRADO',1,132,3),(925,'2021-09-08','15:30:00','ENCERRADO',NULL,207,13),(926,'2021-12-03','19:30:00','ENCERRADO',NULL,28,12),(927,'2021-11-15','16:00:00','ENCERRADO',2,234,9),(928,'2021-09-28','16:00:00','ENCERRADO',NULL,100,11),(929,'2022-05-02','20:00:00','ENCERRADO',3,160,2),(930,'2022-05-13','18:30:00','ENCERRADO',3,153,10),(931,'2022-06-22','18:00:00','ENCERRADO',NULL,266,9),(932,'2022-02-09','15:30:00','ENCERRADO',1,250,5),(933,'2021-12-03','17:00:00','ENCERRADO',NULL,83,5),(934,'2021-06-21','15:00:00','ENCERRADO',3,181,7),(935,'2022-03-04','20:00:00','ENCERRADO',2,39,8),(936,'2021-12-10','19:00:00','ENCERRADO',3,215,9),(937,'2022-01-18','19:30:00','ENCERRADO',3,153,4),(938,'2021-12-27','14:30:00','ENCERRADO',1,133,2),(939,'2022-06-21','16:30:00','ENCERRADO',1,226,4),(940,'2022-01-10','14:00:00','ENCERRADO',1,78,10),(941,'2022-05-06','16:00:00','ENCERRADO',1,74,1),(942,'2022-01-19','18:30:00','ENCERRADO',2,247,7),(943,'2021-09-17','18:00:00','ENCERRADO',3,163,8),(944,'2021-10-15','16:30:00','ENCERRADO',3,39,8),(945,'2021-10-05','19:00:00','ENCERRADO',1,82,9),(946,'2021-12-23','19:00:00','ENCERRADO',1,145,9),(947,'2021-10-06','19:30:00','ENCERRADO',1,34,11),(948,'2022-02-02','19:00:00','ENCERRADO',3,143,7),(949,'2021-06-25','15:30:00','ENCERRADO',3,217,3),(950,'2021-12-20','16:30:00','ENCERRADO',NULL,73,1),(951,'2021-10-29','14:30:00','ENCERRADO',2,239,5),(952,'2022-02-01','19:00:00','ENCERRADO',2,153,3),(953,'2021-11-18','19:00:00','ENCERRADO',3,70,5),(954,'2021-11-08','18:00:00','ENCERRADO',NULL,122,14),(955,'2022-04-25','19:30:00','ENCERRADO',1,214,8),(956,'2021-10-18','19:00:00','ENCERRADO',2,68,11),(957,'2021-12-10','15:00:00','ENCERRADO',2,242,5),(958,'2021-09-28','18:00:00','ENCERRADO',1,157,7),(959,'2022-05-03','18:00:00','ENCERRADO',3,148,13),(960,'2021-12-17','17:30:00','ENCERRADO',2,99,10),(961,'2022-03-30','19:00:00','ENCERRADO',2,155,10),(962,'2021-07-19','14:30:00','ENCERRADO',1,51,7),(963,'2022-06-13','17:00:00','ENCERRADO',NULL,132,12),(964,'2021-07-09','17:30:00','ENCERRADO',3,109,8),(965,'2021-11-08','20:00:00','ENCERRADO',1,187,6),(966,'2021-12-28','18:00:00','ENCERRADO',2,187,8),(987,'2021-08-26','15:00:00','ENCERRADO',1,206,10),(988,'2022-06-09','20:00:00','ENCERRADO',2,225,3),(989,'2021-06-23','17:30:00','ENCERRADO',3,199,13),(990,'2021-09-15','17:00:00','ENCERRADO',3,212,4),(991,'2021-06-14','16:30:00','ENCERRADO',NULL,270,13),(992,'2021-08-02','15:00:00','ENCERRADO',NULL,26,4),(993,'2021-08-23','14:30:00','ENCERRADO',2,190,11),(994,'2022-06-22','19:30:00','ENCERRADO',2,29,11),(995,'2022-05-27','16:00:00','ENCERRADO',2,79,13),(996,'2021-10-22','14:00:00','ENCERRADO',1,146,14),(997,'2022-04-01','15:30:00','ENCERRADO',3,118,5),(998,'2021-08-19','18:30:00','ENCERRADO',NULL,47,3),(999,'2022-02-18','16:30:00','ENCERRADO',2,41,8),(1000,'2022-06-07','19:30:00','ENCERRADO',NULL,152,6),(1001,'2021-07-05','14:00:00','ENCERRADO',3,40,13),(1002,'2021-07-09','15:00:00','ENCERRADO',3,225,4),(1003,'2021-09-13','16:30:00','ENCERRADO',2,142,13),(1004,'2022-01-14','17:00:00','ENCERRADO',3,187,12),(1005,'2022-03-11','16:00:00','ENCERRADO',3,179,11),(1006,'2021-09-02','19:00:00','ENCERRADO',1,43,11),(1007,'2021-07-07','16:00:00','ENCERRADO',2,92,5),(1008,'2022-01-10','19:30:00','ENCERRADO',3,128,12),(1009,'2021-11-02','14:30:00','ENCERRADO',1,8,6),(1010,'2022-06-01','15:30:00','ENCERRADO',3,54,7),(1011,'2022-05-25','15:00:00','ENCERRADO',NULL,32,2),(1012,'2022-04-29','18:00:00','ENCERRADO',2,145,1),(1013,'2021-09-03','14:00:00','ENCERRADO',3,102,1),(1014,'2021-11-30','18:30:00','ENCERRADO',1,44,13),(1015,'2021-07-23','20:00:00','ENCERRADO',2,47,2),(1016,'2022-05-12','18:00:00','ENCERRADO',NULL,257,12),(1017,'2022-06-23','15:00:00','ENCERRADO',NULL,139,12),(1018,'2021-07-16','15:00:00','ENCERRADO',NULL,108,10),(1019,'2022-03-07','17:00:00','ENCERRADO',3,81,10),(1020,'2022-06-13','14:00:00','ENCERRADO',NULL,197,2),(1021,'2022-01-21','18:30:00','ENCERRADO',NULL,165,14),(1022,'2022-06-16','17:00:00','ENCERRADO',1,242,12),(1023,'2021-08-02','20:00:00','ENCERRADO',NULL,253,2),(1024,'2022-05-16','15:00:00','ENCERRADO',2,270,3),(1025,'2021-06-28','18:00:00','ENCERRADO',NULL,247,10),(1026,'2021-10-25','17:00:00','ENCERRADO',2,64,7),(1027,'2022-06-24','20:00:00','ENCERRADO',3,138,2),(1028,'2021-09-17','14:00:00','ENCERRADO',2,176,1),(1029,'2021-10-28','14:00:00','ENCERRADO',2,271,6),(1030,'2021-09-20','16:00:00','ENCERRADO',3,59,12),(1031,'2021-09-23','14:30:00','ENCERRADO',3,269,13),(1032,'2022-01-10','14:00:00','ENCERRADO',3,65,13),(1033,'2021-07-05','14:00:00','ENCERRADO',3,118,6),(1034,'2021-07-05','17:30:00','ENCERRADO',1,244,12),(1035,'2021-07-29','14:30:00','ENCERRADO',2,173,13),(1036,'2022-04-14','17:00:00','ENCERRADO',1,91,7),(1037,'2021-10-14','14:30:00','ENCERRADO',NULL,139,6),(1038,'2021-07-14','18:00:00','ENCERRADO',NULL,173,11),(1039,'2021-10-29','20:00:00','ENCERRADO',1,239,11),(1040,'2021-10-13','19:30:00','ENCERRADO',1,232,1),(1041,'2022-04-29','15:30:00','ENCERRADO',NULL,172,9),(1042,'2021-10-25','19:30:00','ENCERRADO',2,211,9),(1043,'2022-01-25','16:30:00','ENCERRADO',3,132,12),(1044,'2021-11-26','20:00:00','ENCERRADO',NULL,128,4),(1045,'2021-07-21','15:00:00','ENCERRADO',2,167,1),(1046,'2022-04-11','17:30:00','ENCERRADO',2,48,12),(1047,'2021-08-30','15:00:00','ENCERRADO',3,25,11),(1048,'2021-11-26','19:00:00','ENCERRADO',NULL,63,8),(1049,'2022-07-06','18:30:00','ENCERRADO',NULL,69,2),(1050,'2021-09-27','14:00:00','ENCERRADO',NULL,161,7),(1051,'2022-02-15','19:30:00','ENCERRADO',1,179,5),(1052,'2021-07-23','17:00:00','ENCERRADO',NULL,133,8),(1053,'2022-01-28','19:00:00','ENCERRADO',1,120,8),(1054,'2022-05-24','15:00:00','ENCERRADO',2,179,5),(1055,'2022-05-09','16:00:00','ENCERRADO',1,217,3),(1056,'2022-01-28','16:00:00','ENCERRADO',2,140,6),(1057,'2022-05-27','14:30:00','ENCERRADO',NULL,55,10),(1058,'2022-04-05','14:30:00','ENCERRADO',1,202,7),(1059,'2021-09-03','17:30:00','ENCERRADO',2,224,6),(1060,'2021-11-12','19:00:00','ENCERRADO',NULL,254,13),(1061,'2021-12-03','20:00:00','ENCERRADO',3,83,9),(1062,'2021-10-15','15:00:00','ENCERRADO',3,193,12),(1063,'2022-06-06','20:00:00','ENCERRADO',1,252,3),(1064,'2021-07-26','16:00:00','ENCERRADO',2,140,12),(1065,'2022-02-11','18:30:00','ENCERRADO',2,145,3),(1066,'2022-04-29','15:30:00','ENCERRADO',3,60,7),(1067,'2021-09-06','19:30:00','ENCERRADO',NULL,98,8),(1068,'2022-01-21','15:30:00','ENCERRADO',1,260,4),(1069,'2021-07-08','14:00:00','ENCERRADO',2,26,7),(1070,'2022-03-01','15:00:00','ENCERRADO',3,193,10),(1071,'2021-06-30','18:30:00','ENCERRADO',3,162,12),(1072,'2021-11-30','17:30:00','ENCERRADO',3,82,7),(1073,'2021-11-23','17:00:00','ENCERRADO',2,101,3),(1074,'2021-06-09','17:30:00','ENCERRADO',2,263,7),(1075,'2022-06-24','15:00:00','ENCERRADO',NULL,191,9),(1076,'2022-01-13','16:00:00','ENCERRADO',1,44,4),(1077,'2021-09-10','17:30:00','ENCERRADO',2,52,14),(1078,'2022-05-06','15:00:00','ENCERRADO',3,82,5),(1079,'2022-03-11','15:00:00','ENCERRADO',1,183,8),(1080,'2022-06-03','17:00:00','ENCERRADO',2,191,9),(1081,'2021-07-08','15:30:00','ENCERRADO',1,22,9),(1082,'2022-03-31','19:00:00','ENCERRADO',NULL,41,8),(1083,'2021-06-21','15:30:00','ENCERRADO',2,265,11),(1084,'2021-08-31','20:00:00','ENCERRADO',2,49,13),(1085,'2022-04-08','16:30:00','ENCERRADO',2,243,11),(1086,'2022-06-09','14:30:00','ENCERRADO',1,216,3),(1087,'2022-04-11','14:00:00','ENCERRADO',1,224,7),(1088,'2022-02-11','18:30:00','ENCERRADO',3,198,9),(1089,'2021-10-07','15:00:00','ENCERRADO',3,58,7),(1090,'2021-06-28','14:00:00','ENCERRADO',NULL,169,3),(1091,'2021-11-29','19:30:00','ENCERRADO',NULL,83,7),(1092,'2022-03-11','18:00:00','ENCERRADO',3,255,9),(1093,'2022-07-01','17:30:00','ENCERRADO',2,7,3),(1094,'2022-04-15','17:00:00','ENCERRADO',1,18,5),(1095,'2021-11-22','15:00:00','ENCERRADO',1,37,1),(1096,'2022-02-07','14:30:00','ENCERRADO',3,241,6),(1097,'2022-02-23','18:30:00','ENCERRADO',1,56,13),(1098,'2021-11-26','15:00:00','ENCERRADO',2,253,13),(1099,'2022-07-07','20:00:00','ENCERRADO',NULL,241,14),(1100,'2022-06-13','19:30:00','ENCERRADO',NULL,19,6),(1101,'2022-01-20','15:30:00','ENCERRADO',3,93,2),(1102,'2022-07-04','16:00:00','ENCERRADO',3,257,3),(1103,'2021-09-21','16:00:00','ENCERRADO',1,1,9),(1104,'2021-06-28','19:00:00','ENCERRADO',1,145,12),(1105,'2021-07-06','17:00:00','ENCERRADO',1,23,13),(1106,'2021-12-27','19:30:00','ENCERRADO',NULL,237,3),(1107,'2021-06-18','17:00:00','ENCERRADO',3,28,4),(1108,'2021-11-23','19:00:00','ENCERRADO',NULL,261,3),(1109,'2021-08-06','14:30:00','ENCERRADO',2,254,9),(1110,'2021-07-09','16:30:00','ENCERRADO',3,171,3),(1111,'2021-11-01','16:30:00','ENCERRADO',3,167,12),(1112,'2022-02-18','18:30:00','ENCERRADO',2,14,3),(1113,'2021-11-23','18:30:00','ENCERRADO',2,241,3),(1114,'2021-09-28','15:30:00','ENCERRADO',1,177,7),(1115,'2021-10-11','16:00:00','ENCERRADO',NULL,23,7),(1116,'2022-03-28','17:00:00','ENCERRADO',2,146,11),(1117,'2022-02-18','19:30:00','ENCERRADO',NULL,164,7),(1118,'2022-06-07','18:30:00','ENCERRADO',1,12,1),(1119,'2022-04-28','20:00:00','ENCERRADO',3,71,12),(1120,'2021-06-29','15:30:00','ENCERRADO',3,51,4),(1121,'2022-02-11','19:00:00','ENCERRADO',3,34,2),(1122,'2022-04-29','19:00:00','ENCERRADO',2,8,3),(1123,'2021-12-27','15:30:00','ENCERRADO',NULL,61,11),(1124,'2022-02-04','15:30:00','ENCERRADO',3,52,3),(1125,'2021-07-06','18:30:00','ENCERRADO',3,169,5),(1126,'2021-12-16','15:30:00','ENCERRADO',NULL,136,6),(1127,'2022-03-22','15:00:00','ENCERRADO',2,230,12),(1128,'2022-01-13','19:30:00','ENCERRADO',1,271,9),(1129,'2022-03-22','17:00:00','ENCERRADO',NULL,163,14),(1130,'2021-11-22','15:30:00','ENCERRADO',1,150,12),(1131,'2021-08-18','14:00:00','ENCERRADO',2,40,2),(1132,'2022-01-20','17:30:00','ENCERRADO',3,90,13),(1133,'2022-07-04','19:00:00','ENCERRADO',NULL,53,7),(1134,'2021-12-07','17:30:00','ENCERRADO',NULL,199,14),(1135,'2021-10-29','17:00:00','ENCERRADO',NULL,2,8),(1136,'2022-04-12','17:30:00','ENCERRADO',NULL,131,7),(1137,'2021-09-29','17:00:00','ENCERRADO',3,185,8),(1138,'2022-06-30','16:30:00','ENCERRADO',NULL,140,3),(1139,'2022-03-09','18:30:00','ENCERRADO',3,24,11),(1140,'2021-07-23','14:30:00','ENCERRADO',NULL,208,9),(1141,'2022-04-25','17:00:00','ENCERRADO',NULL,37,14),(1142,'2022-01-28','15:00:00','ENCERRADO',1,116,1),(1143,'2022-03-09','19:00:00','ENCERRADO',1,258,3),(1144,'2021-07-16','16:00:00','ENCERRADO',2,214,12),(1145,'2022-01-07','18:00:00','ENCERRADO',NULL,240,6),(1146,'2021-09-16','15:00:00','ENCERRADO',3,2,6),(1147,'2021-11-01','14:00:00','ENCERRADO',2,167,9),(1148,'2021-12-14','14:30:00','ENCERRADO',2,9,8),(1149,'2022-05-04','16:30:00','ENCERRADO',2,116,7),(1150,'2021-11-26','16:00:00','ENCERRADO',2,20,3),(1151,'2022-06-06','15:30:00','ENCERRADO',1,167,14),(1152,'2022-07-01','15:00:00','ENCERRADO',1,120,14),(1153,'2021-10-22','19:30:00','ENCERRADO',2,117,9),(1154,'2022-03-14','16:00:00','ENCERRADO',3,228,10),(1155,'2021-10-01','18:30:00','ENCERRADO',2,226,2),(1156,'2021-07-12','14:00:00','ENCERRADO',2,220,1),(1167,'2021-10-19','14:00:00','ENCERRADO',NULL,217,3),(1168,'2021-11-05','15:30:00','ENCERRADO',2,150,5),(1169,'2021-11-19','19:00:00','ENCERRADO',1,158,7),(1170,'2021-06-14','18:00:00','ENCERRADO',1,47,11),(1171,'2021-12-22','17:00:00','ENCERRADO',3,182,5),(1172,'2021-08-13','14:30:00','ENCERRADO',3,85,3),(1173,'2021-12-24','16:30:00','ENCERRADO',1,43,10),(1174,'2021-09-21','16:30:00','ENCERRADO',NULL,166,4),(1175,'2021-11-12','16:30:00','ENCERRADO',3,22,10),(1176,'2021-12-24','18:00:00','ENCERRADO',1,25,13),(1177,'2021-07-19','18:30:00','ENCERRADO',1,237,6),(1178,'2022-03-04','16:00:00','ENCERRADO',3,176,10),(1179,'2022-05-24','16:00:00','ENCERRADO',1,31,14),(1180,'2022-03-01','16:30:00','ENCERRADO',1,183,5),(1181,'2021-09-14','16:30:00','ENCERRADO',3,91,3),(1182,'2022-04-01','16:30:00','ENCERRADO',2,140,11),(1183,'2022-02-15','16:30:00','ENCERRADO',NULL,119,8),(1184,'2022-05-06','17:00:00','ENCERRADO',1,228,12),(1185,'2022-03-31','18:00:00','ENCERRADO',3,106,14),(1186,'2021-10-13','14:00:00','ENCERRADO',3,118,2),(1187,'2022-03-04','18:00:00','ENCERRADO',1,206,12),(1188,'2022-04-25','16:00:00','ENCERRADO',2,82,4),(1189,'2021-11-12','18:00:00','ENCERRADO',2,229,13),(1190,'2022-04-06','18:00:00','ENCERRADO',1,101,8),(1191,'2022-07-01','15:30:00','ENCERRADO',NULL,187,7),(1192,'2022-05-11','16:30:00','ENCERRADO',2,110,8),(1193,'2021-07-16','15:00:00','ENCERRADO',3,154,13),(1194,'2022-05-09','16:00:00','ENCERRADO',3,37,8),(1195,'2022-02-24','19:00:00','ENCERRADO',NULL,271,6),(1196,'2022-01-12','14:30:00','ENCERRADO',1,224,8),(1197,'2021-08-16','16:30:00','ENCERRADO',NULL,108,4),(1198,'2021-12-27','16:00:00','ENCERRADO',NULL,235,13),(1199,'2021-12-21','16:30:00','ENCERRADO',NULL,272,6),(1200,'2021-10-21','15:30:00','ENCERRADO',3,65,6),(1201,'2022-05-23','19:30:00','ENCERRADO',NULL,100,11),(1202,'2022-05-25','16:00:00','ENCERRADO',NULL,38,10),(1203,'2022-02-18','20:00:00','ENCERRADO',2,6,7),(1204,'2022-04-27','19:00:00','ENCERRADO',3,218,14),(1205,'2022-04-18','14:30:00','ENCERRADO',1,103,9),(1206,'2021-07-06','19:00:00','ENCERRADO',NULL,178,10),(1207,'2021-11-04','15:30:00','ENCERRADO',NULL,172,3),(1208,'2021-12-20','14:00:00','ENCERRADO',2,242,10),(1209,'2022-04-06','16:00:00','ENCERRADO',2,190,12),(1210,'2021-09-28','16:30:00','ENCERRADO',3,202,3),(1211,'2022-03-28','19:00:00','ENCERRADO',1,264,13),(1212,'2021-12-02','14:00:00','ENCERRADO',1,156,9),(1213,'2021-10-20','19:00:00','ENCERRADO',1,31,2),(1214,'2021-10-04','20:00:00','ENCERRADO',NULL,255,3),(1215,'2022-06-22','17:30:00','ENCERRADO',NULL,25,13),(1216,'2021-08-16','20:00:00','ENCERRADO',1,121,11),(1217,'2022-05-30','17:30:00','ENCERRADO',2,124,3),(1218,'2021-07-07','14:00:00','ENCERRADO',2,240,5),(1219,'2021-12-27','16:00:00','ENCERRADO',3,74,12),(1220,'2021-06-07','17:00:00','ENCERRADO',3,131,6),(1221,'2022-06-13','15:30:00','ENCERRADO',1,91,5),(1222,'2021-12-23','14:00:00','ENCERRADO',3,131,6),(1223,'2022-03-18','14:00:00','ENCERRADO',NULL,172,11),(1224,'2021-09-15','17:00:00','ENCERRADO',NULL,252,8),(1225,'2022-03-09','19:00:00','ENCERRADO',1,228,12),(1226,'2022-06-23','19:00:00','ENCERRADO',1,202,10),(1227,'2021-07-27','15:30:00','ENCERRADO',3,202,2),(1228,'2021-07-30','19:00:00','ENCERRADO',1,128,6),(1229,'2022-05-04','16:30:00','ENCERRADO',3,270,6),(1230,'2022-02-18','20:00:00','ENCERRADO',2,80,3),(1231,'2022-06-16','14:30:00','ENCERRADO',NULL,68,5),(1232,'2022-02-28','15:00:00','ENCERRADO',2,208,8),(1233,'2022-01-03','14:30:00','ENCERRADO',NULL,34,2),(1234,'2021-09-13','19:00:00','ENCERRADO',2,122,3),(1235,'2021-10-29','14:30:00','ENCERRADO',2,181,4),(1236,'2021-11-19','16:30:00','ENCERRADO',1,30,11),(1247,'2021-07-19','17:30:00','ENCERRADO',1,243,10),(1248,'2022-01-12','16:00:00','ENCERRADO',3,263,10),(1249,'2022-05-27','18:30:00','ENCERRADO',2,242,5),(1250,'2022-03-18','19:30:00','ENCERRADO',2,56,12),(1251,'2021-11-29','19:00:00','ENCERRADO',2,116,8),(1252,'2022-06-21','14:00:00','ENCERRADO',NULL,135,12),(1253,'2021-11-08','16:00:00','ENCERRADO',1,158,10),(1254,'2021-12-27','15:30:00','ENCERRADO',3,44,9),(1255,'2022-06-27','16:00:00','ENCERRADO',2,11,1),(1256,'2021-06-23','16:00:00','ENCERRADO',2,225,1),(1257,'2022-02-25','16:00:00','ENCERRADO',1,150,5),(1258,'2021-09-17','20:00:00','ENCERRADO',NULL,123,13),(1259,'2021-10-14','14:00:00','ENCERRADO',NULL,181,2),(1260,'2022-04-25','20:00:00','ENCERRADO',1,106,4),(1261,'2022-05-05','16:00:00','ENCERRADO',2,81,4),(1262,'2021-07-30','16:00:00','ENCERRADO',NULL,51,13),(1263,'2022-03-25','19:00:00','ENCERRADO',2,177,10),(1264,'2021-10-01','17:00:00','ENCERRADO',3,153,4),(1265,'2022-03-25','20:00:00','ENCERRADO',2,97,6),(1266,'2022-06-24','14:30:00','ENCERRADO',1,272,5),(1267,'2022-06-30','15:30:00','ENCERRADO',NULL,104,1),(1268,'2022-06-03','19:30:00','ENCERRADO',NULL,272,9),(1269,'2021-12-28','19:30:00','ENCERRADO',2,249,4),(1270,'2022-01-25','18:00:00','ENCERRADO',NULL,194,4),(1271,'2022-01-24','16:00:00','ENCERRADO',3,196,4),(1272,'2021-06-29','20:00:00','ENCERRADO',3,77,10),(1273,'2022-02-21','15:30:00','ENCERRADO',3,216,3),(1274,'2021-06-18','19:00:00','ENCERRADO',3,91,13),(1275,'2022-04-19','15:30:00','ENCERRADO',1,131,9),(1276,'2022-03-10','14:00:00','ENCERRADO',NULL,97,3),(1287,'2021-07-21','18:30:00','ENCERRADO',NULL,90,10),(1288,'2022-03-04','19:30:00','ENCERRADO',3,263,3),(1289,'2021-09-13','17:00:00','ENCERRADO',1,73,1),(1290,'2021-06-24','19:00:00','ENCERRADO',2,177,13),(1291,'2022-05-13','14:00:00','ENCERRADO',2,56,6),(1292,'2022-05-27','18:00:00','ENCERRADO',1,105,12),(1293,'2021-07-16','14:00:00','ENCERRADO',1,252,5),(1294,'2022-01-11','19:00:00','ENCERRADO',3,180,3),(1295,'2022-05-16','18:00:00','ENCERRADO',1,221,8),(1296,'2021-08-13','19:30:00','ENCERRADO',3,80,9),(1297,'2021-10-27','16:00:00','ENCERRADO',3,89,4),(1298,'2021-12-21','16:30:00','ENCERRADO',3,261,2),(1299,'2021-09-06','16:30:00','ENCERRADO',1,216,9),(1300,'2021-07-29','17:30:00','ENCERRADO',2,133,1),(1301,'2021-11-08','18:30:00','ENCERRADO',NULL,70,9),(1302,'2022-02-11','19:00:00','ENCERRADO',NULL,271,11),(1303,'2022-06-08','19:30:00','ENCERRADO',2,165,7),(1304,'2022-02-11','15:00:00','ENCERRADO',3,46,13),(1305,'2021-07-28','15:30:00','ENCERRADO',2,2,5),(1306,'2022-02-09','18:30:00','ENCERRADO',2,254,10),(1307,'2022-02-04','19:00:00','ENCERRADO',1,195,10),(1308,'2021-10-28','16:30:00','ENCERRADO',3,92,1),(1309,'2022-05-26','17:30:00','ENCERRADO',3,270,3),(1310,'2021-09-14','15:30:00','ENCERRADO',NULL,191,7),(1311,'2021-09-03','15:00:00','ENCERRADO',1,214,10),(1312,'2021-07-12','16:00:00','ENCERRADO',2,231,8),(1313,'2022-03-10','20:00:00','ENCERRADO',NULL,118,12),(1314,'2021-09-24','17:00:00','ENCERRADO',2,258,13),(1315,'2022-05-30','19:30:00','ENCERRADO',NULL,228,12),(1316,'2022-05-26','15:00:00','ENCERRADO',1,135,8),(1317,'2022-01-26','18:00:00','ENCERRADO',NULL,154,11),(1318,'2022-04-08','19:30:00','ENCERRADO',2,19,2),(1319,'2022-03-10','14:00:00','ENCERRADO',NULL,124,7),(1320,'2021-06-08','18:30:00','ENCERRADO',1,4,3),(1321,'2022-01-31','18:00:00','ENCERRADO',3,107,2),(1322,'2022-05-20','14:30:00','ENCERRADO',2,244,10),(1323,'2021-09-13','15:30:00','ENCERRADO',NULL,53,11),(1324,'2022-04-21','16:30:00','ENCERRADO',3,91,5),(1325,'2021-11-08','19:00:00','ENCERRADO',2,160,12),(1326,'2022-01-26','17:00:00','ENCERRADO',3,31,4),(1327,'2022-05-31','17:00:00','ENCERRADO',2,97,7),(1328,'2022-05-04','20:00:00','ENCERRADO',NULL,93,6),(1329,'2022-01-21','16:00:00','ENCERRADO',2,36,12),(1330,'2022-05-27','16:30:00','ENCERRADO',2,237,8),(1331,'2021-08-30','16:30:00','ENCERRADO',2,258,2),(1332,'2021-06-15','17:30:00','ENCERRADO',NULL,96,12),(1333,'2022-04-18','15:00:00','ENCERRADO',NULL,98,13),(1334,'2022-01-21','16:30:00','ENCERRADO',2,269,2),(1335,'2021-11-01','14:00:00','ENCERRADO',NULL,18,3),(1336,'2022-03-01','17:00:00','ENCERRADO',3,37,8),(1337,'2021-12-24','20:00:00','ENCERRADO',2,15,2),(1338,'2021-08-30','18:30:00','ENCERRADO',NULL,67,7),(1339,'2021-10-18','16:00:00','ENCERRADO',NULL,219,13),(1340,'2021-09-28','17:00:00','ENCERRADO',3,119,7),(1341,'2022-05-25','14:30:00','ENCERRADO',3,46,6),(1342,'2022-06-27','19:00:00','ENCERRADO',2,134,7),(1343,'2022-02-21','16:30:00','ENCERRADO',NULL,192,5),(1344,'2022-05-10','18:30:00','ENCERRADO',2,80,9),(1345,'2022-07-01','20:00:00','ENCERRADO',2,68,7),(1346,'2021-09-10','15:00:00','ENCERRADO',NULL,241,1),(1347,'2021-08-03','15:30:00','ENCERRADO',3,159,3),(1348,'2022-02-04','19:30:00','ENCERRADO',NULL,134,2),(1349,'2022-04-18','15:00:00','ENCERRADO',NULL,110,10),(1350,'2022-05-17','18:00:00','ENCERRADO',NULL,196,5),(1351,'2021-12-08','15:30:00','ENCERRADO',1,97,6),(1352,'2021-11-22','14:30:00','ENCERRADO',1,162,7),(1353,'2022-01-31','17:30:00','ENCERRADO',2,205,8),(1354,'2021-07-16','19:30:00','ENCERRADO',1,177,13),(1355,'2022-05-17','20:00:00','ENCERRADO',2,262,11),(1356,'2022-04-28','17:00:00','ENCERRADO',2,145,2),(1377,'2022-07-08','18:00:00','CHEGADA',3,194,10),(1378,'2022-07-08','19:30:00','CANCELADO',2,227,2),(1379,'2022-07-08','14:30:00','CANCELADO',1,189,9),(1380,'2022-07-08','15:30:00','ENCERRADO',1,247,7),(1381,'2022-07-08','14:00:00','CONFIRMADO',3,252,6),(1382,'2022-07-08','18:00:00','ATENDIMENTO',NULL,213,5),(1383,'2022-07-08','19:30:00','CANCELADO',2,149,9),(1384,'2022-07-08','19:00:00','CONFIRMADO',NULL,171,8),(1385,'2022-07-08','17:30:00','CHEGADA',NULL,183,13),(1386,'2022-07-08','14:30:00','CHEGADA',3,74,2),(1387,'2022-07-08','17:00:00','ENCERRADO',3,53,3),(1388,'2022-07-08','19:30:00','ENCERRADO',2,233,3),(1389,'2022-07-08','15:00:00','ENCERRADO',1,57,13),(1390,'2022-07-08','18:30:00','ENCERRADO',1,259,5),(1391,'2022-07-08','19:00:00','CHEGADA',2,80,13),(1392,'2022-07-08','19:00:00','ATENDIMENTO',1,257,7),(1393,'2022-07-08','20:00:00','CHEGADA',2,208,8),(1394,'2022-07-08','16:30:00','CONFIRMADO',2,143,7),(1395,'2022-07-08','15:30:00','CHEGADA',NULL,239,5),(1396,'2022-07-08','19:00:00','CONFIRMADO',2,172,5),(1437,'2022-07-08','14:00:00','ATENDIMENTO',NULL,37,10),(1438,'2022-07-08','18:30:00','CANCELADO',NULL,267,10),(1439,'2022-07-08','20:00:00','CANCELADO',NULL,97,13),(1440,'2022-07-08','20:00:00','CHEGADA',NULL,177,11),(1441,'2022-07-08','16:00:00','ENCERRADO',2,122,9),(1442,'2022-07-08','19:00:00','CONFIRMADO',1,19,11),(1443,'2022-07-08','18:00:00','CANCELADO',NULL,79,4),(1444,'2022-07-08','15:00:00','AGENDADO',NULL,182,6),(1445,'2022-07-08','14:00:00','CONFIRMADO',NULL,236,5),(1446,'2022-07-08','16:30:00','ENCERRADO',1,112,2);
/*!40000 ALTER TABLE `atendimento` ENABLE KEYS */;
UNLOCK TABLES;

--
-- Table structure for table `convenio`
--

DROP TABLE IF EXISTS `convenio`;
/*!40101 SET @saved_cs_client     = @@character_set_client */;
/*!50503 SET character_set_client = utf8mb4 */;
CREATE TABLE `convenio` (
  `id` bigint NOT NULL AUTO_INCREMENT,
  `ativo` bit(1) NOT NULL,
  `cnpj` varchar(255) NOT NULL,
  `email` varchar(255) NOT NULL,
  `nome` varchar(255) NOT NULL,
  `razao_social` varchar(255) NOT NULL,
  `representante` varchar(255) NOT NULL,
  `telefone` varchar(255) NOT NULL,
  PRIMARY KEY (`id`)
) ENGINE=InnoDB AUTO_INCREMENT=4 DEFAULT CHARSET=utf8mb4 COLLATE=utf8mb4_0900_ai_ci;
/*!40101 SET character_set_client = @saved_cs_client */;

--
-- Dumping data for table `convenio`
--

LOCK TABLES `convenio` WRITE;
/*!40000 ALTER TABLE `convenio` DISABLE KEYS */;
INSERT INTO `convenio` VALUES (1,_binary '','46.560.030/0001-53','contato@unimedriobranco.com.br','Unimed','Unimed Rio Branco Cooperativa de Trabalho Mdico Ltda.','Thayline Figueredo Vaz','(68) 3668-1546'),(2,_binary '','29.309.127/0001-79','contato@amil.com.br','Amil','AMIL ASSISTENCIA MEDICA INTERNACIONAL S.A.','Davi Faria da Conceio','(11) 3279-3035'),(3,_binary '','92.693.118/0001-60','contato@bradescosaude.com.br','Bradesco','BRADESCO SAUDE S.A.','Leandra Paes dos Anjos','(21) 2503-0787');
/*!40000 ALTER TABLE `convenio` ENABLE KEYS */;
UNLOCK TABLES;

--
-- Table structure for table `especialidade`
--

DROP TABLE IF EXISTS `especialidade`;
/*!40101 SET @saved_cs_client     = @@character_set_client */;
/*!50503 SET character_set_client = utf8mb4 */;
CREATE TABLE `especialidade` (
  `id` bigint NOT NULL AUTO_INCREMENT,
  `nome` varchar(255) NOT NULL,
  PRIMARY KEY (`id`),
  UNIQUE KEY `UK_rpkedtjcgmd2qw3euipqv5fhu` (`nome`)
) ENGINE=InnoDB AUTO_INCREMENT=8 DEFAULT CHARSET=utf8mb4 COLLATE=utf8mb4_0900_ai_ci;
/*!40101 SET character_set_client = @saved_cs_client */;

--
-- Dumping data for table `especialidade`
--

LOCK TABLES `especialidade` WRITE;
/*!40000 ALTER TABLE `especialidade` DISABLE KEYS */;
INSERT INTO `especialidade` VALUES (1,'Cardiologia'),(2,'Dermatologia'),(3,'Geriatria'),(4,'Infectologia'),(5,'Pediatria'),(6,'Psiquiatria'),(7,'Urologia');
/*!40000 ALTER TABLE `especialidade` ENABLE KEYS */;
UNLOCK TABLES;

--
-- Table structure for table `paciente`
--

DROP TABLE IF EXISTS `paciente`;
/*!40101 SET @saved_cs_client     = @@character_set_client */;
/*!50503 SET character_set_client = utf8mb4 */;
CREATE TABLE `paciente` (
  `id` bigint NOT NULL AUTO_INCREMENT,
  `cep` varchar(255) DEFAULT NULL,
  `cidade` varchar(255) DEFAULT NULL,
  `data_nascimento` date NOT NULL,
  `email` varchar(255) DEFAULT NULL,
  `endereco` varchar(255) DEFAULT NULL,
  `estado` varchar(255) DEFAULT NULL,
  `grupo_sanguineo` varchar(255) DEFAULT NULL,
  `nome` varchar(255) NOT NULL,
  `sexo` varchar(255) NOT NULL,
  `telefone` varchar(255) NOT NULL,
  PRIMARY KEY (`id`)
) ENGINE=InnoDB AUTO_INCREMENT=274 DEFAULT CHARSET=utf8mb4 COLLATE=utf8mb4_0900_ai_ci;
/*!40101 SET character_set_client = @saved_cs_client */;

--
-- Dumping data for table `paciente`
--

LOCK TABLES `paciente` WRITE;
/*!40000 ALTER TABLE `paciente` DISABLE KEYS */;
INSERT INTO `paciente` VALUES (1,'69903-134','Rio Branco','1945-09-26','giulia.bencatel@gmail.com','Rua Cedro, 100 - Parque dos Sabis','AC','AB_POSITIVO','Giulia Farias Bencatel','F','(68) 98105-2583'),(2,'69901-884','Rio Branco','1941-04-22','wallace.soriano@yahoo.com','Travessa Mossor, 90 - Vitria','AC','B_POSITIVO','Wallace Macedo Incio Soriano','M','(68) 97431-7722'),(3,'69909-060','Rio Branco','1997-06-05','helen.vilar@gmail.com','Rua Adelaide, 50 - Rosa Linda','AC','AB_NEGATIVO','Helen Dutra Vilar','F','(68) 99752-4954'),(4,'69911-262','Rio Branco','2009-03-10','mario.branco@uol.com.br','Rua Luiz Galvez, 200 - Conjunto Castelo Branco','AC','O_POSITIVO','Jean Schuenck Amorin','M','(68) 97120-8079'),(5,'69980-970','Cruzeiro do Sul','1974-11-14','lucilene.lucas@gmail.com','Rua Rego Barros, 427 - Centro','AC','A_POSITIVO','Lucilene Santos Lucas','F','(68) 99384-3354'),(6,'69914-290','Rio Branco','1977-08-09','silvio.passos@gmail.com','Rua Teresina, 213 - Waldemar Maciel','AC','O_POSITIVO','Silvio Abreu Passos','M','(68) 98041-8649'),(7,'69907-567','Rio Branco','1959-01-12','laysa.filho@uol.com.br','Rua Lzaro, 114 - Recanto dos Buritis','AC','B_POSITIVO','Laysa Guimares Filho','F','(68) 97344-6728'),(8,'69908-116','Rio Branco','1975-04-17','luiza.cosme@gmail.com','Travessa da Casa de Farinha, 443 - Vila Santa Ceclia','AC','AB_POSITIVO','Luiza da Silva Cosme','F','(68) 98241-5978'),(9,'69917-540','Rio Branco','1976-07-19','elio.pedroso@uol.com.br','Alameda Garas, 11 - Chcara Ip','AC','AB_POSITIVO','Elio da Sousa Pedroso','M','(68) 98726-9181'),(10,'69906-021','Rio Branco','1987-05-03','ruan.souza@gmail.com','Rua Jasmim, 213 - Areal','AC','B_NEGATIVO','Ruan Alvarenga da Souza','M','(68) 97179-3565'),(11,'69900-019','Rio Branco','2012-02-04','maria.carino@gmail.com','Rua Xapuri, 325 - Base','AC','B_POSITIVO','Maria Rosa Reis Carino','F','(68) 98631-1584'),(12,'69912-500','Cruzeiro do Sul','1946-09-09','fernanda.chaves@uol.com.br','Rua Tabosa, 129 - Floresta Sul','AC','B_POSITIVO','Fernanda Beatriz Reis Chaves','F','(68) 96734-6577'),(13,'69918-026','Rio Branco','1935-04-16','hugo.macedo@uol.com.br','Rua Tijuca, 323 - Conjunto Mascarenhas de Moraes','AC','AB_POSITIVO','Hugo Frossard Macedo','M','(68) 98249-3158'),(14,'69912-006','Rio Branco','1969-06-24','sonia.franca@gmail.com','Rua 11 de Dezembro, 340 - Sobral','AC','AB_NEGATIVO','Sonia da Sousa Frana','F','(68) 98289-2278'),(15,'69920-224','Rio Branco','1937-05-08','jhonne.heizelmann@uol.com.br','Rua Josefa Feitosa da Silva, 386 - Distrito Industrial','AC','A_NEGATIVO','Jhonne Marcello Heizelmann','M','(68) 96883-1175'),(16,'69902-840','Rio Branco','2006-03-28','iara.valansuela@hotmail.com','Rua Anibal Viana, 362 - Wanderley Dantas','AC','A_NEGATIVO','Ira Spilman Valansuela','F','(68) 99285-5212'),(17,'69902-744','Rio Branco','1950-09-01','lilian.portela@yahoo.com','Rua 13 de Maio, 360 - Chico Mendes','AC','O_NEGATIVO','Lilian Consendey Portela','F','(68) 99312-9295'),(18,'69901-438','Rio Branco','1968-09-13','isabela.carino@outlook.com','Rua Wilde Viana das Neves Filho, 104 - Conjunto Guiomard Santos','AC','B_POSITIVO','Isabela Bil Carino','F','(68) 99475-7255'),(19,'69921-362','Rio Branco','1948-08-27','gilmara.conceicao@hotmail.com','Rua Maaranduba, 323 - Alto Alegre','AC','B_POSITIVO','Gilmara Ximenes da Conceio','F','(68) 99165-8169'),(20,'69921-001','Rio Branco','2018-07-07','gabrielle.gabrig@uol.com.br','Rua 11, 264 - Raimundo Melo','AC','B_NEGATIVO','Gabrielle de Carvalho Gabrig','F','(68) 99239-2457'),(21,'69901-833','Rio Branco','1932-08-17','zacarias.marotti@outlook.com','Travessa Santa Isabel, 350 - Vitria','AC','B_POSITIVO','Zacarias Antonio Marotti','M','(68) 98789-6185'),(22,'69911-686','Rio Branco','1939-06-01','jose.sarmento@hotmail.com','Rua Lagoinha, 376 - Bahia Nova','AC','A_NEGATIVO','Jos Antnio Santana Sarmento','M','(68) 98442-2343'),(23,'69920-078','Rio Branco','1964-03-03','dayvid.auzier@yahoo.com','Travessa Cupuau, 13 - Mocinha Magalhes','AC','O_NEGATIVO','Dayvid Fernandes Auzier','M','(68) 98701-4305'),(24,'69917-740','Rio Branco','1979-02-15','silvia.gouveia@hotmail.com','Rua Neto Almeida, 40 - Conjunto Universitrio','AC','A_NEGATIVO','Silvia Ascar Gouveia','F','(68) 98295-7333'),(25,'69900-060','Rio Branco','1967-08-03','adolfo.figueiredo@outlook.com','Avenida Getlio Vargas, 199 - Centro','AC','B_NEGATIVO','Adolfo Miranda Figueiredo','M','(68) 98145-2024'),(26,'69902-431','Rio Branco','1977-04-09','cassio.fernandes@hotmail.com','Rua Bom Jesus, 329 - Eldorado','AC','O_NEGATIVO','Cassio Mesquita Fernandes','F','(68) 99947-3858'),(27,'69901-369','Rio Branco','1995-02-09','juzelina.zava@uol.com.br','Rua Lauro Fontes, 342 - Conjunto Guiomard Santos','AC','O_NEGATIVO','Juzelina Fernandes Zava','M','(68) 98490-1833'),(28,'69921-114','Rio Branco','2017-06-29','douglas.pimenta@gmail.com','Rua Guariba, 221 - Loteamento Novo Horizonte','AC','O_NEGATIVO','Douglas Junior Pimenta','M','(68) 96764-7777'),(29,'69915-002','Rio Branco','1979-08-21','geanny.meyer@uol.com.br','Rua Dourado, 90 - Tangar','AC','A_NEGATIVO','Geanny Valansuela Meyer','F','(68) 98183-1843'),(30,'69918-244','Rio Branco','1986-05-26','joaquim.livramento@gmail.com','Rua Jaguari, 298 - Isaura Parente','AC','B_NEGATIVO','Joaquim Vilar Livramento','M','(68) 98421-3063'),(31,'69908-382','Rio Branco','1985-03-13','jennifer.montilla@uol.com.br','Rua do Abacate, 51 - Vila Liberdade','AC','O_POSITIVO','Jennifer Eger Montilla','F','(68) 96948-1218'),(32,'69917-726','Rio Branco','1937-03-21','elisangela.diniz@outlook.com','Rua Rom, 149 - Conjunto Universitrio','AC','A_POSITIVO','Elisngela Latin Diniz','F','(68) 98868-1345'),(33,'69921-416','Rio Branco','1978-09-03','aledio.lucio@outlook.com','Travessa Jasmim, 346 - Montanhs','AC','AB_NEGATIVO','Aledio Quintela Lucio','M','(68) 96742-2425'),(34,'69903-040','Rio Branco','2001-02-20','benedito.vasconcellos@gmail.com','Rua dos Lirios, 159 - Xavier Maia','AC','O_NEGATIVO','Benedito Braga Vasconcellos','M','(68) 97978-7595'),(35,'69921-025','Rio Branco','1969-08-14','emmanuel.cruz@outlook.com','Beco Nova Linda, 75 - Raimundo Melo','AC','O_POSITIVO','Emmanuel Louzano Cruz','M','(68) 96985-2215'),(36,'69906-222','Rio Branco','1999-08-09','valdeli.rodrigues@outlook.com','Travessa Flvio Batista, 121 - Tringulo Velho','AC','O_POSITIVO','Valdeli Trindade Rodrigues','F','(68) 98025-5411'),(37,'69911-048','Rio Branco','1955-04-04','erica.sodre@gmail.com','Rua Rosas, 238 - Aeroporto Velho','AC','O_NEGATIVO','Erica Correia Sodre','F','(68) 98502-9573'),(38,'69917-736','Rio Branco','2014-07-16','nathan.monteiro@hotmail.com','Rua lvaro Thomaz, 249 - Conjunto Universitrio','AC','B_POSITIVO','Nathan Dias Monteiro','M','(68) 97994-8572'),(39,'69920-064','Rio Branco','1952-11-14','wellington.teodoro@hotmail.com','Travessa Cajarana, 170 - Mocinha Magalhes','AC','AB_POSITIVO','Wellington Gouveia Teodoro','M','(68) 98343-3775'),(40,'69918-394','Rio Branco','1933-07-30','zilanda.giacomini@yahoo.com','Rua Passarela, 48 - Nova Estao','AC','O_POSITIVO','Zilanda Silvino Giacomini','F','(68) 98924-6682'),(41,'69911-111','Rio Branco','1938-07-03','erika.portugal@hotmail.com','Travessa Pista, 403 - Aeroporto Velho','AC','AB_POSITIVO','Erika Almeida Portugal','F','(68) 96855-1348'),(42,'69909-222','Rio Branco','1976-05-17','munique.moura@hotmail.com','Rua Rita Costa, 347 - Cidade do Povo','AC','O_POSITIVO','Munique Queiroz Moura','F','(68) 96706-7473'),(43,'69911-774','Rio Branco','1978-06-02','caue.paula@yahoo.com','Rua 10 de Novembro, 436 - Boa Unio','AC','O_NEGATIVO','Cau Santos Paula','M','(68) 98727-6784'),(44,'69909-406','Rio Branco','2006-09-04','david.matos@yahoo.com','Rua Yocanaan de Campos Pereira, 371 - Cidade do Povo','AC','B_NEGATIVO','David Lopes Matos','M','(68) 98102-1496'),(45,'69921-710','Cruzeiro do Sul','1975-09-22','debora.freitas@gmail.com','Travessa da Abelha, 116 - Tancredo Neves','AC','A_POSITIVO','Dbora Frana Freitas','M','(68) 98264-2267'),(46,'69918-386','Cruzeiro do Sul','1966-08-09','enrico.dores@yahoo.com','Rua Libertao, 371 - Nova Estao','AC','B_NEGATIVO','Enrico Saldanha Dores','F','(68) 97262-6811'),(47,'69915-702','Cruzeiro do Sul','2012-11-15','nilton.claudino@yahoo.com','Travessa Araponga, 43 - Portal da Amaznia','AC','B_POSITIVO','Nilton Fernandes Claudino','M','(68) 97252-0581'),(48,'69909-143','Cruzeiro do Sul','2011-05-24','jose.soares@uol.com.br','Rua Jess Santiago, 269 - Cidade do Povo','AC','AB_NEGATIVO','Jos Luis Miranda Soares','F','(68) 96861-2313'),(49,'69906-412','Cruzeiro do Sul','1976-02-27','juzelina.carvalho@hotmail.com','Travessa Taquari, 422 - Taquar','AC','A_NEGATIVO','Juzelina Feitosa Carvalho','M','(68) 96728-7324'),(50,'69917-556','Cruzeiro do Sul','1939-11-10','grecy.diniz@uol.com.br','Alameda Flamboyant, 35 - Chcara Ip','AC','B_POSITIVO','Grecy Felizardo Diniz','F','(68) 98484-6444'),(51,'69903-389','Cruzeiro do Sul','1937-04-14','gabrielle.vasgestian@gmail.com','Travessa So Sebastio, 129 - Loteamento Santa Luzia','AC','A_NEGATIVO','Gabrielle Serra Vasgestian','M','(68) 98211-6249'),(52,'69902-876','Cruzeiro do Sul','1951-09-24','suenia.montilla@uol.com.br','Rua Abacaxi, 146 - Wanderley Dantas','AC','B_POSITIVO','Suenia Couto Montilla','F','(68) 98435-6323'),(53,'69919-612','Cruzeiro do Sul','1974-03-18','kamilla.gabrig@uol.com.br','Rua Azalia, 340 - Jardim Primavera','AC','A_NEGATIVO','Kamilla Loureiro Gabrig','F','(68) 99235-4641'),(54,'69909-168','Cruzeiro do Sul','2013-10-19','thayline.zava@hotmail.com','Rua Maria Lcia Reggi, 237 - Cidade do Povo','AC','A_POSITIVO','Thayline Carminatti Zava','M','(68) 97922-8511'),(55,'69908-650','Cruzeiro do Sul','2002-04-17','thayna.candido@gmail.com','Travessa Santa Luzia, 305 - Loteamento Santa Helena','AC','A_NEGATIVO','Thayn Branco Candido','F','(68) 97566-6442'),(56,'69902-139','Cruzeiro do Sul','1959-01-09','elio.antunes@hotmail.com','Rua 13, 159 - Loteamento Jardim So Francisco','AC','A_POSITIVO','Elio Antonio Antunes','M','(68) 98011-9641'),(57,'69915-158','Cruzeiro do Sul','1970-06-02','edesio.macario@gmail.com','Rua Domingos Vidal, 264 - Conjunto Esperana','AC','A_POSITIVO','Edesio Salomo Macrio','F','(68) 98086-7991'),(58,'69917-530','Cruzeiro do Sul','1972-08-09','simeia.saraiva@uol.com.br','Alameda Jaci, 344 - Chcara Ip','AC','B_POSITIVO','Simeia Barrada Saraiva','M','(68) 98762-8342'),(59,'69934-000','Epitaciolndia','1932-04-14','juliete.souza@yahoo.com',', 345 - ','AC','AB_NEGATIVO','Juliete Faria de Souza','M','(68) 97943-5348'),(60,'69902-383','Cruzeiro do Sul','1997-04-12','roberto.campos@uol.com.br','Rua Bambu, 497 - Eldorado','AC','A_POSITIVO','Roberto Macrio Campos','F','(68) 99994-2459'),(61,'69921-154','Cruzeiro do Sul','1938-11-26','viviane.castilho@gmail.com','Rua Gaivota, 489 - Conjunto Adalberto Sena','AC','A_NEGATIVO','Viviane Garcia Castilho','F','(68) 99553-7889'),(62,'69915-684','Cruzeiro do Sul','1979-07-15','savio.saldanha@yahoo.com','Rua Condor, 132 - Portal da Amaznia','AC','B_POSITIVO','Svio Simoes Saldanha','M','(68) 99256-7541'),(63,'69901-278','Cruzeiro do Sul','2015-04-28','severino.vargas@outlook.com','Beco Joo Fonseca, 474 - Casa Nova','AC','B_NEGATIVO','Severino Diniz Vargas','M','(68) 99811-9413'),(64,'69905-038','Rio Branco','1954-01-16','jocilea.baptista@yahoo.com','Rua Boa Vista, 206 - Capoeira','AC','A_NEGATIVO','Jocilea Gouveia Baptista','M','(68) 97175-4176'),(65,'69911-671','Rio Branco','1986-11-14','emanoel.nunes@yahoo.com','Rua Laranja, 349 - Bahia Nova','AC','B_NEGATIVO','Emanoel Navega Nunes','M','(68) 99965-3502'),(66,'69918-432','Rio Branco','1996-05-09','arthur.junior@yahoo.com','Rua Eduardo Barbosa Viana, 90 - Conjunto Manoel Julio','AC','O_POSITIVO','Arthur Giacomini Junior','F','(68) 96961-7124'),(67,'69912-852','Rio Branco','1997-08-25','jose.nepomuceno@uol.com.br','Rua da Tangerina, 26 - Vila Verde','AC','AB_NEGATIVO','Jos Luiz Farias Nepomuceno','M','(68) 99424-8335'),(68,'69914-302','Rio Branco','1981-12-08','renan.amancio@hotmail.com','Travessa Aureliano Lopes, 29 - Waldemar Maciel','AC','O_NEGATIVO','Renan Temperini Amancio','M','(68) 96716-3773'),(69,'69920-034','Rio Branco','2001-03-06','erica.moraes@gmail.com','Rua da Laranja, 331 - Mocinha Magalhes','AC','O_NEGATIVO','Erica Bill Moraes','F','(68) 98112-6796'),(70,'69903-451','Rio Branco','1970-09-05','dalva.vidal@gmail.com','Rua Surucu, 153 - Loteamento Santa Luzia','AC','A_POSITIVO','Dalva dos Passos Vidal','F','(68) 97673-7079'),(71,'69908-102','Rio Branco','1972-05-11','dandara.fundao@hotmail.com','Rua Milton Maciel, 449 - Vila Santa Ceclia','AC','AB_NEGATIVO','Dandara Mota Fundo','F','(68) 96737-3368'),(72,'69905-522','Rio Branco','1949-08-20','thiago.gomes@yahoo.com','Travessa Tupi, 292 - Quinze','AC','A_POSITIVO','Thiago Carvel Gomes','M','(68) 99295-2536'),(73,'69907-761','Rio Branco','1945-04-24','luan.paes@gmail.com','Beco Judia, 394 - Santa Ins','AC','B_POSITIVO','Luan Vidal Paes','M','(68) 98526-4060'),(74,'69908-740','Rio Branco','1955-10-26','lucas.goncalves@outlook.com','Rua A, 27 - Loteamento Santa Helena','AC','A_NEGATIVO','Lucas Felipe de Oliveira Gonalves','M','(68) 97914-3362'),(75,'69920-217','Rio Branco','2008-03-05','augusto.campos@hotmail.com','Rua So Jos, 437 - Distrito Industrial','AC','B_NEGATIVO','Augusto Brum Campos','M','(68) 98302-3781'),(76,'69909-820','Rio Branco','1989-06-24','benjamin.figueredo@uol.com.br','Travessa Buriti, 392 - Vila Acre','AC','AB_NEGATIVO','Benjamin Figueiro Figueredo','M','(68) 98041-3782'),(77,'69909-218','Rio Branco','1989-12-06','cris.richa@uol.com.br','Rua Coronel Leo, 286 - Cidade do Povo','AC','AB_NEGATIVO','Cris Zava Richa','F','(68) 96791-3262'),(78,'69985-000','Rodrigues Alves','1944-07-18','sergino.teixeira@hotmail.com',', 147 - ','AC','AB_POSITIVO','Sergino Loureno Teixeira','M','(68) 99539-7623'),(79,'69902-846','Rio Branco','1998-07-21','marcus.feitosa@outlook.com','Rua Osmar Sales, 160 - Wanderley Dantas','AC','O_POSITIVO','Marcus Camelo Feitosa','M','(68) 99946-5177'),(80,'69905-288','Rio Branco','1958-01-05','vania.serravalle@hotmail.com','Rua So Cristovo, 191 - Baixada da Cadeia Velha','AC','O_NEGATIVO','Vnia da Souza Serravalle','F','(68) 98123-5118'),(81,'69900-670','Rio Branco','2014-07-22','munique.couto@uol.com.br','Rua Quintino Bocaiuva, 350 - Bosque','AC','A_NEGATIVO','Munique Teodoro Couto','F','(68) 99659-3543'),(82,'69909-816','Rio Branco','1946-03-31','mariza.grilo@outlook.com','Rua Major Mendona Lima, 12 - Vila Acre','AC','A_POSITIVO','Mariza Albenaz Grilo','F','(68) 99369-8165'),(83,'69908-048','Rio Branco','1994-06-15','sebastiao.bravo@gmail.com','Rua da Paz, 112 - Belo Jardim II','AC','AB_POSITIVO','Sebastio Belmiro Bravo','M','(68) 99636-7390'),(84,'69900-532','Rio Branco','2020-06-16','thayline.farias@uol.com.br','Rua Joo Medeiros, 214 - Bosque','AC','AB_NEGATIVO','Thayline Furtunato Farias','F','(68) 98078-8088'),(85,'69921-494','Rio Branco','2003-10-17','joao.carmoriz@gmail.com','Travessa Rio Branco, 286 - Montanhs','AC','B_POSITIVO','Joo Henrique Souza Carmoriz','M','(68) 98447-8654'),(86,'69912-182','Rio Branco','2000-01-20','lucimberto.navega@hotmail.com','Rua Joo das Flores, 439 - Plcido de Castro','AC','AB_POSITIVO','Lucimberto Mozer Navega','M','(68) 99543-7144'),(87,'69918-428','Rio Branco','1975-03-06','dyego.filho@yahoo.com','Rua Marte, 400 - Conjunto Manoel Julio','AC','B_POSITIVO','Dyego Bastida Filho','M','(68) 99864-5995'),(88,'69909-404','Rio Branco','1967-12-04','lurdes.chiles@outlook.com','Rua Irio Maia Picon, 391 - Cidade do Povo','AC','B_POSITIVO','Lurdes Salles Chiles','F','(68) 99636-3892'),(89,'69918-186','Rio Branco','1960-12-14','sergio.camelo@yahoo.com','Rua Fausto Robalo, 122 - Estao Experimental','AC','A_POSITIVO','Sergio Constantino Camelo','M','(68) 96781-5621'),(90,'69915-860','Rio Branco','1973-11-13','dilza.pontes@uol.com.br','Rua Arueira, 80 - Portal da Amaznia','AC','AB_NEGATIVO','Dilza Cunha Pontes','F','(68) 97361-7677'),(91,'69914-547','Rio Branco','2005-02-28','quezia.alves@uol.com.br','Rua Hiena, 312 - Ilson Ribeiro','AC','AB_NEGATIVO','Quezia Boelho Alves','F','(68) 98452-6640'),(92,'69906-260','Rio Branco','1967-04-21','reginaldo.cunha@uol.com.br','Rua Boulevard Augusto Monteiro, 244 - Tringulo Novo','AC','O_POSITIVO','Reginaldo Palmas da Cunha','M','(68) 98211-2506'),(93,'69900-487','Rio Branco','1963-04-24','joaquim.mayerhofer@hotmail.com','Rua Manoel Barata, 332 - Bosque','AC','O_NEGATIVO','Joaquim Figueredo Mayerhofer','M','(68) 98264-0070'),(94,'69909-322','Rio Branco','1966-05-03','reinaldo.anjos@hotmail.com','Rua Laucimar de Aguiar Mariano, 432 - Cidade do Povo','AC','O_NEGATIVO','Reinaldo Carvalho Anjos','M','(68) 99785-8458'),(95,'69911-286','Rio Branco','2007-10-15','dinea.reis@gmail.com','Rua Sargento Lira, 73 - Conjunto Bela Vista','AC','AB_NEGATIVO','Dinea Chaves Reis','F','(68) 98390-7684'),(96,'69920-070','Rio Branco','1979-03-23','simone.neves@gmail.com','Rua Ing, 323 - Mocinha Magalhes','AC','AB_POSITIVO','Simone Monnerat Neves','F','(68) 96953-5484'),(97,'69908-642','Rio Branco','2018-08-15','adelina.arruda@gmail.com','Rodovia AC-40, 193 - Loteamento Santa Helena','AC','A_NEGATIVO','Adelina Couto Arruda','F','(68) 99244-3539'),(98,'69905-885','Rio Branco','1999-10-21','ryan.arruda@yahoo.com','Travessa Maria Elizete, 357 - Areal','AC','B_NEGATIVO','Ryan Carminatti de Arruda','M','(68) 97615-7148'),(99,'69922-212','Rio Branco','2008-01-06','gutemberg.quindeler@gmail.com','Rua Germano Guilherme, 285 - Irineu Serra','AC','B_NEGATIVO','Gutemberg Vaz Quindeler','M','(68) 97293-3178'),(100,'69908-114','Rio Branco','2010-06-05','maria.veiga@yahoo.com','Travessa Francisco Chagas, 188 - Vila Santa Ceclia','AC','O_POSITIVO','Maria Helena Bon Veiga','F','(68) 97114-9645'),(101,'69903-416','Rio Branco','2010-08-02','jose.barrada@uol.com.br','Rua 1, 434 - Loteamento Santa Luzia','AC','AB_POSITIVO','Jos Mrio Barher Barrada','M','(68) 99473-7849'),(102,'69905-626','Rio Branco','1986-03-27','julio.zuniga@hotmail.com','Rua 1 de Maio, 132 - Seis de Agosto','AC','O_NEGATIVO','Jlio Chiles Zuniga','M','(68) 99861-8170'),(103,'69920-142','Rio Branco','1966-05-09','erika.camara@hotmail.com','Rua Ico, 357 - Conjunto Rui Lino','AC','A_POSITIVO','Erika Alves Camara','F','(68) 96778-6762'),(104,'69907-508','Rio Branco','1939-12-10','sidney.pereira@gmail.com','Beco Buriti, 417 - Recanto dos Buritis','AC','A_POSITIVO','Sidney Viana Pereira','M','(68) 98080-4726'),(105,'69903-416','Rio Branco','2002-05-29','victor.carvalho@outlook.com','Rua 1, 127 - Loteamento Santa Luzia','AC','B_POSITIVO','Victor Neto Carvalho','M','(68) 98384-0324'),(106,'69919-629','Rio Branco','2006-11-17','stenio.laporte@gmail.com','Rua Maus Melo, 474 - Jardim Primavera','AC','A_NEGATIVO','Stenio Carmoriz Laporte','M','(68) 98773-0826'),(107,'69906-089','Rio Branco','1939-03-03','marcia.pinto@uol.com.br','Rua do Areal, 455 - Areal','AC','B_NEGATIVO','Mrcia Nazare Pinto','F','(68) 99925-3781'),(108,'69911-158','Rio Branco','1966-07-04','waleska.pacheco@yahoo.com','Travessa So Mateus, 260 - Pista','AC','A_NEGATIVO','Waleska Macrio Pacheco','F','(68) 98301-8076'),(109,'69915-380','Rio Branco','2009-09-26','herisomar.dinis@gmail.com','Rua So Marcos, 102 - Conjunto Habitar Brasil','AC','AB_NEGATIVO','Herisomar Faria Dinis','M','(68) 97668-5659'),(110,'69903-042','Rio Branco','2000-03-31','jonas.pessoa@gmail.com','Rua Cruzeiro do Sul, 280 - Xavier Maia','AC','AB_NEGATIVO','Jonas Furtunato Pessoa','M','(68) 99439-4138'),(111,'69918-286','Rio Branco','2021-03-01','thiago.velasco@gmail.com','Travessa Fernando Lira, 415 - Isaura Parente','AC','A_NEGATIVO','Thiago Nazare Velasco','M','(68) 98834-6031'),(112,'69921-180','Rio Branco','1970-05-28','matheus.feitosa@outlook.com','Rua Japim, 348 - Conjunto Adalberto Sena','AC','O_POSITIVO','Matheus Bastida Feitosa','M','(68) 96969-4802'),(113,'69914-360','Rio Branco','1990-05-22','tobias.barher@gmail.com','Rua Chico Mendes, 127 - Calafate','AC','B_NEGATIVO','Tobias Richa Barher','M','(68) 97422-8456'),(114,'69901-245','Rio Branco','1933-03-06','irinea.laporte@outlook.com','Rua das Palmas, 104 - Jardim Tropical','AC','O_NEGATIVO','Irinea Borralho Laporte','F','(68) 99868-8371'),(115,'69908-864','Rio Branco','1940-03-18','norival.furtunato@outlook.com','Rua Verssimo Costa Neto, 456 - Loteamento Santo Afonso','AC','O_NEGATIVO','Norival Vabo Furtunato','M','(68) 98133-7713'),(116,'69918-216','Rio Branco','1932-07-01','fransiscano.neves@gmail.com','Rua Isaura Parente, 402 - Estao Experimental','AC','A_POSITIVO','Fransiscano Ignacia Neves','M','(68) 97166-6267'),(117,'69901-058','Rio Branco','1986-08-17','helenice.freitas@gmail.com','Travessa Santa Luzia, 167 - Morada do Sol','AC','A_NEGATIVO','Helenice Moraes Freitas','F','(68) 97643-8141'),(118,'69920-328','Rio Branco','2009-02-22','rozangela.valle@uol.com.br','Rua da Michele, 124 - Loteamento Vila Maria','AC','A_POSITIVO','Rozangela Serravalle Valle','F','(68) 96745-8572'),(119,'69906-402','Rio Branco','2007-01-02','erika.medel@uol.com.br','Rua Nossa Senhora de Ftima, 207 - Taquar','AC','O_POSITIVO','Erika Camelo Medel','F','(68) 99566-7762'),(120,'69909-248','Rio Branco','1991-02-14','aurelino.malaquias@hotmail.com','Rua Jos Arago Silva, 488 - Cidade do Povo','AC','B_NEGATIVO','Aurelino Santos Malaquias','M','(68) 99314-3214'),(121,'69906-084','Rio Branco','1968-07-26','thales.goncalves@uol.com.br','Rua Principal do Areal, 377 - Areal','AC','A_NEGATIVO','Thales Trindade Gonalves','M','(68) 99883-7585'),(122,'69918-344','Rio Branco','1959-09-18','isabel.conceicao@yahoo.com','Travessa Tef, 107 - Nova Estao','AC','B_POSITIVO','Isabel Laporte da Conceio','F','(68) 97469-0047'),(123,'69908-686','Rio Branco','1955-02-13','suenia.lopez@gmail.com','Travessa Galdino, 464 - Loteamento Santa Helena','AC','AB_NEGATIVO','Suenia Bravo Lopez','F','(68) 97117-4625'),(124,'69900-037','Rio Branco','1988-01-30','elisangela.assis@uol.com.br','Rua Plnio Brando, 433 - Base','AC','AB_POSITIVO','Elisngela Schuenck Assis','F','(68) 99351-1384'),(125,'69900-193','Rio Branco','2008-12-20','henrique.castro@outlook.com','Rua Carneiro Leo, 24 - Ivete Vargas','AC','A_POSITIVO','Henrique Vasgestian Castro','M','(68) 99484-0030'),(126,'69915-497','Rio Branco','1965-12-22','amanda.valente@uol.com.br','Alameda Alemanha, 10 - Jardim Europa','AC','B_NEGATIVO','Amanda Cocelo Valente','F','(68) 98686-8762'),(127,'69917-765','Rio Branco','1962-02-15','sidney.cristo@hotmail.com','Rua Maria de Lurdes, 83 - Conjunto Universitrio','AC','O_NEGATIVO','Sidney Diovani Cristo','M','(68) 98575-4559'),(128,'69906-318','Rio Branco','1978-08-20','estefani.lourenco@outlook.com','Beco da Amizade, 190 - Comara','AC','O_NEGATIVO','Estefani Salomo Loureno','F','(68) 98513-4255'),(129,'69918-064','Rio Branco','1942-10-18','vanessa.fonseca@hotmail.com','Travessa Raimundo Gama, 362 - Abrao Alab','AC','B_POSITIVO','Vanessa Pinto Fonseca','F','(68) 99594-3723'),(130,'69918-712','Rio Branco','2021-02-22','gilberto.morais@uol.com.br','Rua Francisco Sales, 10 - Santa Quitria','AC','B_POSITIVO','Gilberto Bil Morais','M','(68) 98854-5272'),(131,'69905-202','Rio Branco','1984-07-30','laisa.alvarenga@uol.com.br','Rua Progresso, 496 - Cadeia Velha','AC','B_NEGATIVO','Laisa Felix Alvarenga','F','(68) 96851-8574'),(132,'69903-090','Rio Branco','2012-10-16','sheila.figueiro@gmail.com','Rua Projetada 985, 204 - Parque dos Sabis','AC','B_NEGATIVO','Sheila Rubi Figueiro','F','(68) 97978-8758'),(133,'69918-136','Rio Branco','1993-04-29','clevisson.couto@hotmail.com','Travessa Doca Furtado, 257 - Doca Furtado','AC','B_NEGATIVO','Clevisson Gualberto Couto','M','(68) 99526-7728'),(134,'69907-500','Cruzeiro do Sul','1995-07-06','kaue.lopes@yahoo.com','Travessa da Judia, 33 - Recanto dos Buritis','AC','AB_NEGATIVO','Kau Coelho Lopes','M','(68) 97134-4749'),(135,'69911-768','Cruzeiro do Sul','1980-04-03','charles.aguiar@gmail.com','Rua 26 de Setembro, 495 - Boa Unio','AC','A_NEGATIVO','Charles Calixto Aguiar','M','(68) 96831-3753'),(136,'69906-512','Cruzeiro do Sul','1979-12-29','isabella.pontes@hotmail.com','Travessa Vasco da Gama, 389 - Taquar','AC','O_POSITIVO','Isabella Leite Pontes','F','(68) 98317-3793'),(137,'69921-321','Cruzeiro do Sul','1966-03-17','valeska.montilla@outlook.com','Rua Huacaran, 316 - Alto Alegre','AC','B_POSITIVO','Valeska Albenaz Montilla','F','(68) 99338-4642'),(138,'69911-093','Cruzeiro do Sul','2004-04-03','maria.pimenta@yahoo.com','Rua Francisco Vieira, 81 - Aeroporto Velho','AC','O_POSITIVO','Maria Alice Anastacio Pimenta','F','(68) 98053-5654'),(139,'69911-458','Cruzeiro do Sul','1989-01-11','jovenil.diovani@outlook.com','Rua Ana Nery, 160 - Joo Eduardo I','AC','O_POSITIVO','Jovenil Barboza Diovani','M','(68) 98583-1841'),(140,'69906-426','Cruzeiro do Sul','1969-09-01','aline.norte@uol.com.br','Rua Baguari, 200 - Taquar','AC','O_POSITIVO','Aline Correia Norte','F','(68) 99813-9655'),(141,'69912-537','Cruzeiro do Sul','1992-06-12','geneval.camelo@outlook.com','Rua Dom Pedro, 62 - Floresta Sul','AC','A_POSITIVO','Geneval Reis Camelo','M','(68) 98823-5077'),(142,'69901-003','Cruzeiro do Sul','1953-08-11','alexandre.alves@uol.com.br','Rua Abacate, 494 - Conjunto Jardim So Francisco','AC','O_NEGATIVO','Alexandre Camara Alves','M','(68) 97981-4755'),(143,'69911-656','Cruzeiro do Sul','1934-06-01','nathalia.pecanha@uol.com.br','Rua da Amizade, 405 - Bahia Nova','AC','AB_NEGATIVO','Nathalia Filho Peanha','F','(68) 98471-9375'),(144,'69918-320','Cruzeiro do Sul','2000-06-11','vivaldo.farias@uol.com.br','Rua Empresa, 220 - Isaura Parente','AC','A_POSITIVO','Vivaldo Loureiro Farias','M','(68) 96877-1925'),(145,'69905-861','Cruzeiro do Sul','1948-01-12','patrick.vilela@yahoo.com','Travessa Maria R. Siqueira, 235 - Areal','AC','O_NEGATIVO','Patrick Anjos Vilela','M','(68) 97119-9320'),(146,'69900-421','Cruzeiro do Sul','2020-11-08','anne.nazare@yahoo.com','Rua Pernambuco, 329 - Bosque','AC','A_NEGATIVO','Anne Claudino Nazare','F','(68) 96897-5960'),(147,'69909-360','Cruzeiro do Sul','1978-03-01','jennifer.campos@uol.com.br','Rua Jos Miranda, 191 - Cidade do Povo','AC','O_POSITIVO','Jennifer Barreto Campos','F','(68) 99247-3812'),(148,'69918-306','Cruzeiro do Sul','1988-03-30','sidney.marica@yahoo.com','Rua Bom Destino, 481 - Isaura Parente','AC','A_NEGATIVO','Sidney Valansuela Marica','M','(68) 98142-7104'),(149,'69911-174','Cruzeiro do Sul','1989-07-19','alessandra.espindola@outlook.com','Rua Vilhena, 146 - Pista','AC','O_NEGATIVO','Alessandra Peres Espindola','F','(68) 97986-2853'),(150,'69919-053','Cruzeiro do Sul','1956-02-09','julio.jesus@yahoo.com','Rua dos Engenheiros, 257 - Loteamento dos Engenheiros','AC','B_NEGATIVO','Jlio de Jesus de Jesus','M','(68) 98156-8143'),(151,'69915-122','Cruzeiro do Sul','1991-12-22','olga.correa@uol.com.br','Rua Cruzeiro do Sul, 108 - Conjunto Esperana','AC','B_POSITIVO','Olga Frossard Corra','F','(68) 99967-8414'),(152,'69908-754','Cruzeiro do Sul','2011-06-14','myrian.cruz@hotmail.com','Travessa Maria Engraa de Melo, 466 - Loteamento Santa Helena','AC','AB_NEGATIVO','Myrian Correia Cruz','F','(68) 99854-2953'),(153,'69906-292','Cruzeiro do Sul','1989-05-01','alexandre.hall@gmail.com','Rua Padre Jos, 151 - Tringulo Novo','AC','O_NEGATIVO','Alexandre Chiles Hall','M','(68) 96912-1128'),(154,'69921-680','Cruzeiro do Sul','1950-06-29','felipe.marins@yahoo.com','Rua das Palmeiras, 430 - Tancredo Neves','AC','O_NEGATIVO','Felipe Souza Marins','M','(68) 96812-3741'),(155,'69905-674','Cruzeiro do Sul','1942-04-09','dilmar.borralho@outlook.com','Travessa Edson Mendes, 374 - Seis de Agosto','AC','B_NEGATIVO','Dilmar Mayerhofer Borralho','F','(68) 98086-1702'),(156,'69909-074','Cruzeiro do Sul','2014-11-12','simone.carmoriz@uol.com.br','Rua das Flores, 62 - Rosa Linda','AC','B_NEGATIVO','Simone Nunes Carmoriz','F','(68) 98046-6347'),(157,'69902-485','Cruzeiro do Sul','1932-09-18','noe.bravo@gmail.com','Travessa So Paulo, 429 - Eldorado','AC','A_POSITIVO','No Alfradique Bravo','M','(68) 98412-0486'),(158,'69911-114','Cruzeiro do Sul','1937-10-08','nilce.belmiro@gmail.com','Estrada da Sobral, 58 - Aeroporto Velho','AC','B_POSITIVO','Nilce Marques Belmiro','F','(68) 98754-9308'),(159,'69901-290','Rio Branco','1968-10-28','livia.lessa@outlook.com','Beco Esperana, 90 - Casa Nova','AC','AB_NEGATIVO','Lvia Farinha Lessa','F','(68) 98517-6151'),(160,'69911-458','Rio Branco','2014-04-23','humberto.sampaio@hotmail.com','Rua Ana Nery, 189 - Joo Eduardo I','AC','O_POSITIVO','Humberto Bernardes Sampaio','M','(68) 96914-3756'),(161,'69919-854','Rio Branco','1956-08-01','estefani.cristo@outlook.com','Rua Projetada 250, 492 - Conjunto Rui Lino','AC','AB_POSITIVO','Estefani Nunes Cristo','F','(68) 98354-8260'),(162,'69900-445','Rio Branco','1933-09-09','camila.farinha@gmail.com','Rua So Paulo, 36 - Bosque','AC','A_NEGATIVO','Camila Temperini Farinha','F','(68) 97671-1215'),(163,'69912-292','Rio Branco','2004-08-03','nilza.constantino@hotmail.com','Rua Jos Augusto, 346 - Floresta Sul','AC','B_NEGATIVO','Nilza Gualberto Constantino','F','(68) 99751-1382'),(164,'69902-660','Rio Branco','1950-07-26','therezinha.furtunato@hotmail.com','Travessa Jatob, 255 - Chico Mendes','AC','AB_POSITIVO','Therezinha Camacho Furtunato','F','(68) 98416-8355'),(165,'69912-449','Rio Branco','1966-04-08','emanuela.grilo@outlook.com','Beco Francisco Frota, 471 - Floresta Sul','AC','B_NEGATIVO','Emanuela Correia Grilo','F','(68) 97433-8551'),(166,'69921-024','Rio Branco','2011-01-09','riselda.bezerra@outlook.com','Rua Alvorada, 336 - Raimundo Melo','AC','AB_NEGATIVO','Riselda Dores Bezerra','F','(68) 99198-8248'),(167,'69907-755','Rio Branco','1954-07-12','rejane.cavalcante@gmail.com','Travessa do Bueiro, 302 - Santa Ins','AC','A_NEGATIVO','Rejane Zava Cavalcante','F','(68) 99646-7959'),(168,'69907-802','Rio Branco','2010-03-01','brunna.coutinho@yahoo.com','Rua So Paulo, 100 - Belo Jardim I','AC','B_NEGATIVO','Brunna Simoes Coutinho','F','(68) 99918-8862'),(169,'69902-630','Rio Branco','1970-05-22','dyego.cunha@yahoo.com','Rua Idelbrando de Souza, 260 - Chico Mendes','AC','B_POSITIVO','Dyego Estellet Cunha','M','(68) 99124-8417'),(170,'69915-473','Rio Branco','2000-08-30','elaine.lopez@hotmail.com','Alameda Sevilha, 463 - Jardim Europa','AC','O_POSITIVO','Elaine Vitorino Lopez','F','(68) 99958-8578'),(171,'69905-232','Rio Branco','1943-06-11','ignacio.mourao@uol.com.br','Avenida Epaminondas Jcome, 332 - Cadeia Velha','AC','A_NEGATIVO','Igncio Marcello Mouro','M','(68) 98213-6376'),(172,'69955-000','Santa Rosa do Purus','1939-10-10','marco.claudino@hotmail.com',', 154 - ','AC','AB_POSITIVO','Marco Simoes Claudino','M','(68) 99726-1771'),(173,'69921-845','Rio Branco','2019-10-14','fabio.azevedo@gmail.com','Travessa Palmeiras, 38 - Defesa Civil','AC','O_POSITIVO','Fbio Barroso Azevedo','M','(68) 98124-3333'),(174,'69919-006','Rio Branco','1947-08-20','kevin.amancio@yahoo.com','Rua Nossa Senhora Aparecida, 117 - Loteamento Isaura Parente','AC','O_POSITIVO','Kevin Arruda Amancio','M','(68) 96923-3144'),(175,'69909-844','Rio Branco','1998-11-22','luiza.falcao@hotmail.com','Rua Copacabana, 171 - Vila Acre','AC','B_POSITIVO','Luiza Wulff Falco','F','(68) 98610-5435'),(176,'69911-832','Rio Branco','2011-03-18','celia.santomauro@outlook.com','Rua da Prata, 56 - Ayrton Sena','AC','AB_POSITIVO','Celia Texeira Santomauro','F','(68) 96954-9943'),(177,'69918-144','Rio Branco','1950-09-25','sueli.calixto@hotmail.com','Rua Guanabara, 349 - Doca Furtado','AC','AB_POSITIVO','Sueli Marins Calixto','F','(68) 96960-3733'),(178,'69918-388','Rio Branco','1976-08-23','gustavo.garbelini@yahoo.com','Rua Otvio Rola, 276 - Nova Estao','AC','AB_POSITIVO','Gustavo Quindeler Garbelini','M','(68) 97658-6187'),(179,'69908-041','Rio Branco','1996-01-15','felipe.esteves@yahoo.com','Travessa Manoel Avelino, 247 - Belo Jardim II','AC','B_POSITIVO','Felipe Figueiredo Esteves','M','(68) 98742-0994'),(180,'69909-004','Rio Branco','2013-03-22','estefani.stutz@outlook.com','Rua Raiz de Davi, 213 - Rosa Linda','AC','AB_NEGATIVO','Estefani Cavalcanti Stutz','F','(68) 97993-3822'),(181,'69914-482','Rio Branco','1953-03-18','elielson.giron@gmail.com','Rua Benjamin, 101 - Conjunto Lalia Alcntara','AC','AB_POSITIVO','Elielson Barher Giron','M','(68) 97151-5603'),(182,'69901-652','Rio Branco','1942-05-07','carmen.bile@hotmail.com','Rua Romrio Costa, 76 - Conjunto Oscar Passos','AC','O_POSITIVO','Carmen Antonio Bil','F','(68) 96941-4675'),(183,'69905-700','Rio Branco','2007-10-21','carlos.faria@outlook.com','Travessa 12 de Outubro, 345 - Invaso da Seis de Agosto','AC','A_POSITIVO','Carlos Donato Faria','M','(68) 98788-7583'),(184,'69919-276','Rio Branco','1943-01-27','dinea.bochimpani@gmail.com','Travessa Anpolis 1, 253 - Paz','AC','A_POSITIVO','Dinea Passos Bochimpani','F','(68) 98972-2633'),(185,'69911-036','Rio Branco','1982-02-14','kamilly.passos@uol.com.br','Rua Rio Grande do Sul, 126 - Aeroporto Velho','AC','O_NEGATIVO','Kamilly Werneck dos Passos','F','(68) 98195-3505'),(186,'69915-672','Rio Branco','1944-10-17','dayvid.duarte@uol.com.br','Rua Pirapitanga, 239 - Portal da Amaznia','AC','O_NEGATIVO','Dayvid Garbelini Duarte','M','(68) 98251-2362'),(187,'69909-030','Rio Branco','1991-09-08','clemilda.barros@uol.com.br','Rua Raimundo Targino, 111 - Rosa Linda','AC','B_POSITIVO','Clemilda Vabo Barros','F','(68) 98877-1834'),(188,'69909-758','Rio Branco','1946-07-07','joao.assis@uol.com.br','Rua Luiz Fernando Verssimo, 317 - Vila Acre','AC','AB_NEGATIVO','Joo Rubi Assis','M','(68) 98853-8522'),(189,'69901-692','Rio Branco','1955-09-27','moana.vieira@gmail.com','Rua Joo Xavier, 126 - Vitria','AC','O_POSITIVO','Moana Latin Vieira','F','(68) 99469-7257'),(190,'69917-651','Rio Branco','1971-06-16','maria.loureiro@yahoo.com','Travessa Odim de Aguiar Queiroz, 442 - Pedro Roseno','AC','O_NEGATIVO','Maria Alice Consendey Loureiro','F','(68) 99147-6254'),(191,'69920-032','Rio Branco','2021-12-14','raquel.vogas@hotmail.com','Beco do Manoel, 435 - Mocinha Magalhes','AC','B_POSITIVO','Raquel Assis Vogas','F','(68) 98602-3257'),(192,'69900-193','Rio Branco','1964-12-10','adilson.guedes@yahoo.com','Rua Carneiro Leo, 466 - Ivete Vargas','AC','O_POSITIVO','Adilson Lucas Guedes','M','(68) 97198-7312'),(193,'69902-461','Rio Branco','1977-09-13','cristiane.torres@yahoo.com','Travessa Joo da Mata, 484 - Eldorado','AC','O_NEGATIVO','Cristiane Saraiva Torres','F','(68) 98163-5439'),(194,'69909-028','Rio Branco','1936-11-26','aurelino.nascimento@hotmail.com','Rua Joo Vieira, 311 - Rosa Linda','AC','B_POSITIVO','Aurelino Meyer Nascimento','M','(68) 98931-6324'),(195,'69911-466','Rio Branco','1980-04-14','henry.caldas@yahoo.com','Rua Francisco Xavier, 490 - Joo Eduardo I','AC','AB_NEGATIVO','Henry Soares Caldas','M','(68) 98257-2824'),(196,'69919-626','Rio Branco','1954-07-02','anthony.miranda@gmail.com','Beco das Rosas, 11 - Jardim Primavera','AC','A_NEGATIVO','Anthony Santos Miranda','M','(68) 98056-1152'),(197,'69909-228','Rio Branco','1986-10-17','jhonas.quindeler@gmail.com','Rua Alan Felipe de Souza, 326 - Cidade do Povo','AC','A_NEGATIVO','Jhonas Assis Quindeler','M','(68) 99681-9418'),(198,'69909-168','Rio Branco','1949-01-08','joemia.cordeiro@gmail.com','Rua Maria Lcia Reggi, 229 - Cidade do Povo','AC','A_NEGATIVO','Joemia Celestino Cordeiro','F','(68) 96714-3782'),(199,'69900-385','Rio Branco','2006-07-26','geralda.macario@uol.com.br','Rua Joo Onofre, 326 - Bosque','AC','B_POSITIVO','Geralda Cristo Macrio','F','(68) 99948-8957'),(200,'69901-179','Rio Branco','1952-11-30','roseli.sousa@gmail.com','Travessa Castanheira, 449 - Adalberto Arago','AC','A_NEGATIVO','Roseli Meyer Sousa','F','(68) 99450-2312'),(201,'69900-664','Rio Branco','2004-06-16','salvador.vidal@uol.com.br','Rua Alvorada, 416 - Bosque','AC','AB_NEGATIVO','Salvador Gouveia Vidal','M','(68) 97213-7639'),(202,'69918-117','Rio Branco','1999-12-02','juliana.alvarenga@outlook.com','Rua Major Ladislau Ferreira, 275 - 7 BEC','AC','B_NEGATIVO','Juliana Pinheiro Alvarenga','F','(68) 99528-8175'),(203,'69911-520','Rio Branco','1999-09-09','priscilla.camacho@gmail.com','Travessa Joo Edimar, 331 - Joo Eduardo II','AC','AB_NEGATIVO','Priscilla Barsosa Camacho','F','(68) 98611-5797'),(204,'69920-171','Rio Branco','1932-06-10','firmino.camara@hotmail.com','Travessa Armando Nogueira, 398 - Distrito Industrial','AC','O_NEGATIVO','Firmino Melo Camara','M','(68) 99843-9328'),(205,'69914-320','Rio Branco','1943-03-12','conceicao.mata@hotmail.com','Estrada do Calafate, 320 - Calafate','AC','AB_POSITIVO','Conceio Prata Mata','F','(68) 98408-5586'),(206,'69911-454','Rio Branco','1954-06-05','ailton.jales@uol.com.br','Rua So Luiz, 438 - Joo Eduardo I','AC','B_NEGATIVO','Ailton Ervano Jales','M','(68) 96865-7568'),(207,'69915-892','Rio Branco','1937-09-24','katia.bile@uol.com.br','Rua Flamingos, 404 - Portal da Amaznia','AC','AB_NEGATIVO','Katia Vasgestian Bil','F','(68) 97398-5516'),(208,'69901-378','Rio Branco','1969-05-08','rachel.mayerhofer@hotmail.com','Rua Jos Nolasco, 286 - Conjunto Guiomard Santos','AC','O_POSITIVO','Rachel Gouveia Mayerhofer','F','(68) 99412-6725'),(209,'69905-274','Rio Branco','1975-10-17','emanoel.uchoa@gmail.com','Avenida Epaminondas Jcome, 77 - Baixada da Cadeia Velha','AC','A_POSITIVO','Emanoel Gripp Ucha','M','(68) 98344-8923'),(210,'69911-508','Rio Branco','1932-03-08','odileia.serra@uol.com.br','Travessa Flaviano, 115 - Joo Eduardo II','AC','B_POSITIVO','Odileia Vaz Serra','F','(68) 98298-4605'),(211,'69912-446','Rio Branco','1960-02-26','cleyton.constantino@outlook.com','Travessa Timteo de Souza, 250 - Floresta Sul','AC','AB_NEGATIVO','Cleyton Prucho Constantino','M','(68) 98921-0724'),(212,'69920-038','Rio Branco','1943-12-22','manuela.silva@hotmail.com','Travessa Limo, 374 - Mocinha Magalhes','AC','O_NEGATIVO','Manuela dos Anjos da Silva','F','(68) 99563-0953'),(213,'69920-038','Rio Branco','1943-12-22','manuela.silva@outlook.com','Travessa Limo, 118 - Mocinha Magalhes','AC','O_NEGATIVO','Otavio Saraiva Carmoriz','M','(68) 98916-4228'),(214,'69922-221','Rio Branco','1996-11-09','maiara.valle@yahoo.com','Rua Leoncio Gomes, 313 - Irineu Serra','AC','O_NEGATIVO','Maiara Vogas Valle','F','(68) 98662-8335'),(215,'69920-026','Rio Branco','1985-03-14','julio.conceicao@outlook.com','Beco Viveiro da Amaznia, 468 - Mocinha Magalhes','AC','AB_POSITIVO','Jlio Luiz da Souza Conceio','M','(68) 96780-4134'),(216,'69906-033','Rio Branco','1986-06-02','rayanne.laporte@gmail.com','Travessa 7 de Setembro, 244 - Areal','AC','B_NEGATIVO','Rayanne Sodre Laporte','F','(68) 96911-4643'),(217,'69921-746','Rio Branco','2018-06-17','celso.norte@hotmail.com','Travessa 25 de dezembro, 119 - Tancredo Neves','AC','B_NEGATIVO','Celso de Souza Norte','M','(68) 98783-9244'),(218,'69920-092','Rio Branco','1963-09-18','moana.gadelha@outlook.com','Travessa Caj, 204 - Mocinha Magalhes','AC','B_NEGATIVO','Moana Corra Gadelha','F','(68) 99932-9621'),(219,'69902-749','Rio Branco','1934-10-22','cristiano.sousa@gmail.com','Rua 20 de Maro, 293 - Chico Mendes','AC','A_NEGATIVO','Cristiano Rubi Sousa','M','(68) 97371-7280'),(220,'69900-706','Rio Branco','2014-08-08','tarcisio.bille@uol.com.br','Beco Cantinho do Amor, 255 - Bosque','AC','O_POSITIVO','Tarcsio Bento Bill','M','(68) 99353-6119'),(221,'69900-186','Rio Branco','1936-10-25','jonas.carmo@gmail.com','Rua Minas Gerais, 467 - Preventrio','AC','B_POSITIVO','Jonas Belmiro Carmo','M','(68) 98216-2130'),(222,'69900-186','Rio Branco','2015-10-01','norival.fontes@gmail.com','Rua Agua Benta, 411 - Alto Alegre','AC','B_POSITIVO','Norival Monnerat Fontes','M','(68) 97168-4546'),(223,'69915-461','Rio Branco','1992-09-17','henrique.norte@yahoo.com','Alameda Veneza, 270 - Jardim Europa','AC','B_POSITIVO','Henrique Sarmento Norte','M','(68) 98388-3354'),(224,'69902-399','Rio Branco','1979-11-24','marcela.almeida@yahoo.com','Travessa Volta Redonda, 201 - Eldorado','AC','A_POSITIVO','Marcela Guerini Almeida','F','(68) 99544-1852'),(225,'69902-431','Rio Branco','2020-03-08','mikaela.cocelo@outlook.com','Rua Bom Jesus, 346 - Eldorado','AC','B_POSITIVO','Mikaela Mucho Cocelo','F','(68) 98343-4353'),(226,'69909-804','Rio Branco','1958-12-18','felipe.padua@outlook.com','Rodovia AC-40, 264 - Vila Acre','AC','B_NEGATIVO','Felipe Felizardo de Padua','M','(68) 96752-3587'),(227,'69912-064','Rio Branco','1998-11-14','carlos.nunes@yahoo.com','Rua Ruanda, 221 - Joo Paulo','AC','B_NEGATIVO','Carlos Cavalcante Nunes','M','(68) 99187-2638'),(228,'69903-387','Rio Branco','1942-02-18','sandreli.latin@outlook.com','Rua Pastor Alemo, 42 - Loteamento Santa Luzia','AC','A_NEGATIVO','Sandreli Fausto Latin','F','(68) 99651-2343'),(229,'69908-120','Rio Branco','1990-09-27','regina.barsosa@hotmail.com','Rua Maria Bertoldo, 484 - Vila Santa Ceclia','AC','AB_NEGATIVO','Regina Amancio Barsosa','F','(68) 99520-2293'),(230,'69909-382','Rio Branco','2000-06-03','george.leal@gmail.com','Rua Irm Madalena, 121 - Cidade do Povo','AC','O_POSITIVO','George Mendona Leal','M','(68) 99745-5734'),(231,'69918-264','Rio Branco','2003-11-15','gleyce.pinto@hotmail.com','Rua Edmundo Pinto, 413 - Isaura Parente','AC','O_NEGATIVO','Gleyce Miranda Pinto','F','(68) 99252-2330'),(232,'69909-244','Rio Branco','1964-07-28','thiarles.mata@gmail.com','Rua Maria de Nazar Gomes Brejense, 72 - Cidade do Povo','AC','B_NEGATIVO','Thiarles Vabo Mata','M','(68) 99458-4944'),(233,'69920-220','Rio Branco','2009-05-14','marcela.pimenta@gmail.com','Travessa das Accias, 356 - Distrito Industrial','AC','B_NEGATIVO','Marcela Arruda Pimenta','F','(68) 99810-9159'),(234,'69921-473','Rio Branco','2011-09-19','adriana.coelho@outlook.com','Travessa Benjamin, 72 - Montanhs','AC','A_NEGATIVO','Adriana Rubi Coelho','F','(68) 96909-2830'),(235,'69909-272','Rio Branco','1953-11-09','joao.feitosa@gmail.com','Rua Paraguassu, 102 - Cidade do Povo','AC','AB_NEGATIVO','Joo Marcos Bocafoli Feitosa','M','(68) 97449-3153'),(236,'69902-754','Rio Branco','2008-01-11','maria.bezerra@outlook.com','Rua 11 de Maro, 188 - Placas','AC','O_NEGATIVO','Maria Eliza Gadelha Bezerra','F','(68) 98864-1067'),(237,'69900-373','Rio Branco','1982-09-18','jhonathan.vasgestian@gmail.com','Avenida Getlio Vargas, 207 - Bosque','AC','B_NEGATIVO','Jhonathan Estellet Vasgestian','M','(68) 97673-6526'),(238,'69908-686','Rio Branco','2014-02-19','rebeca.almeida@hotmail.com','Travessa Galdino, 395 - Loteamento Santa Helena','AC','A_NEGATIVO','Rebeca Mata Almeida','F','(68) 99974-7667'),(239,'69906-218','Rio Branco','2016-02-21','orlando.cosme@gmail.com','Rua Adolfo Barbosa Leite, 204 - Tringulo Velho','AC','O_POSITIVO','Orlando Anjos Cosme','M','(68) 97470-1602'),(240,'69918-054','Rio Branco','1938-09-18','sergino.trancoso@outlook.com','Rua Veterano Manoel Avelino, 467 - Abrao Alab','AC','B_POSITIVO','Sergino da Paixo Trancoso','M','(68) 96753-6522'),(241,'69915-266','Rio Branco','1948-03-13','dionisio.pinheiro@gmail.com','Estrada do Calafate, 489 - Nova Esperana','AC','B_NEGATIVO','Dionsio Pinto Pinheiro','M','(68) 98653-1768'),(242,'69911-719','Rio Branco','1996-10-03','gian.anjos@hotmail.com','Beco So Cristvo, 212 - Bahia Nova','AC','A_NEGATIVO','Gian Falco dos Anjos','M','(68) 99126-3964'),(243,'69909-776','Rio Branco','1978-06-02','valdeli.paulino@gmail.com','Rua Argemiro da Silva Cardoso, 372 - Vila Acre','AC','AB_POSITIVO','Valdeli Quintanilha Paulino','F','(68) 99231-8538'),(244,'69901-842','Rio Branco','2005-01-13','benedito.vabo@uol.com.br','Travessa do Galo, 388 - Vitria','AC','B_NEGATIVO','Benedito Faria Vabo','M','(68) 98919-5883'),(245,'69919-608','Cruzeiro do Sul','1948-09-04','georgiane.farias@gmail.com','Rua das Assucenas, 398 - Jardim Primavera','AC','B_POSITIVO','Georgiane Cocelo Farias','F','(68) 97281-5824'),(246,'69915-158','Cruzeiro do Sul','1964-03-29','sandro.farinha@yahoo.com','Rua Domingos Vidal, 167 - Conjunto Esperana','AC','AB_POSITIVO','Sandro Braga Farinha','M','(68) 98617-8157'),(247,'69907-758','Cruzeiro do Sul','1961-09-29','roselaine.wulff@hotmail.com','Travessa da Judia, 377 - Santa Ins','AC','O_NEGATIVO','Roselaine Cordeiro Wulff','F','(68) 99777-1337'),(248,'69918-760','Cruzeiro do Sul','2009-03-04','catia.nunes@gmail.com','Rua Padre Ccero, 170 - Conquista','AC','AB_POSITIVO','Catia Paulo Nunes','F','(68) 98582-6172'),(249,'69903-221','Cruzeiro do Sul','1935-04-07','yago.valansuela@outlook.com','Rua Gara, 438 - Conjunto Ouricur','AC','B_POSITIVO','Yago Sousa Valansuela','M','(68) 97186-9858'),(250,'69915-455','Cruzeiro do Sul','1953-01-01','elvis.barcelos@outlook.com','Alameda Sua, 93 - Jardim Europa','AC','B_POSITIVO','Elvis Carino Barcelos','M','(68) 98264-1862'),(251,'69900-080','Cruzeiro do Sul','2021-08-22','jose.wulff@gmail.com','Rua Plcido de Castro, 277 - Centro','AC','B_NEGATIVO','Jos Antnio Corra Wulff','M','(68) 98614-3364'),(252,'69918-134','Cruzeiro do Sul','1981-05-17','alice.bille@outlook.com','Rua 12 de Julho, 100 - Doca Furtado','AC','AB_POSITIVO','Alice Firmino Bill','F','(68) 98622-4640'),(253,'69915-806','Cruzeiro do Sul','1964-09-12','lenir.constantino@yahoo.com','Avenida Purus, 409 - Portal da Amaznia','AC','B_NEGATIVO','Lenir Nogueira Constantino','F','(68) 99219-1726'),(254,'69935-000','Assis Brasil','2020-11-11','gabriela.sampaio@yahoo.com',', 334 - ','AC','A_POSITIVO','Gabriela de Rodrigues Sampaio','F','(68) 99174-7871'),(255,'69918-178','Cruzeiro do Sul','1993-03-24','neuza.pinho@uol.com.br','Rua Vital Brasil, 41 - Estao Experimental','AC','A_NEGATIVO','Neuza Mendona Pinho','F','(68) 97932-8385'),(256,'69903-194','Cruzeiro do Sul','1943-03-13','thalita.santana@uol.com.br','Rua Edmundo Pinto, 476 - Parque dos Sabis','AC','O_NEGATIVO','Thalita Leal Santana','F','(68) 98451-1931'),(257,'69907-710','Cruzeiro do Sul','2014-06-19','michell.mendes@yahoo.com','Travessa Ip, 46 - Santa Ins','AC','A_NEGATIVO','Michell Stutz Mendes','M','(68) 96779-2661'),(258,'69909-082','Rio Branco','1946-06-06','enrico.sousa@hotmail.com','Rua Pr do Sol, 233 - Rosa Linda','AC','A_POSITIVO','Enrico Leite Sousa','M','(68) 97917-7312'),(259,'69901-384','Rio Branco','2017-03-30','glauber.lana@gmail.com','Rua Menderson, 251 - Conjunto Guiomard Santos','AC','B_POSITIVO','Glauber Palmas Lana','M','(68) 98882-6902'),(260,'69900-592','Rio Branco','1960-10-13','jander.lessa@uol.com.br','Travessa Reno, 131 - Bosque','AC','AB_POSITIVO','Jander Facre Lessa','M','(68) 98463-1336'),(261,'69919-712','Rio Branco','1991-09-20','felipe.vilela@outlook.com','Avenida Central, 308 - Conjunto Tucum','AC','AB_POSITIVO','Felipe Milanez Vilela','M','(68) 97613-4827'),(262,'69903-340','Rio Branco','1962-09-17','severino.pinheiro@uol.com.br','Estrada Jarbas Passarinho, 192 - Loteamento Santa Luzia','AC','B_NEGATIVO','Severino da Mota Pinheiro','M','(68) 98945-7649'),(263,'69914-352','Rio Branco','1977-07-28','noah.carmoriz@hotmail.com','Rua Bom Jesus, 256 - Calafate','AC','AB_POSITIVO','Noah Mozer Carmoriz','M','(68) 97928-6325'),(264,'69905-456','Rio Branco','2019-01-06','leandro.assis@outlook.com','Rua do Atltico, 482 - Cidade Nova','AC','A_POSITIVO','Leandro Nespoli Assis','M','(68) 98286-8324'),(265,'69921-770','Rio Branco','1987-04-10','ana.heizelmann@gmail.com','Travessa Beija-flor, 248 - Tancredo Neves','AC','O_POSITIVO','Ana Julia Monteiro Heizelmann','F','(68) 98605-4618'),(266,'69900-409','Rio Branco','1974-05-31','dayverson.sousa@gmail.com','Rua Cremilda Castor, 197 - Bosque','AC','A_POSITIVO','Dayverson Braga Sousa','M','(68) 99297-1697'),(267,'69918-178','Rio Branco','1972-08-05','elaine.rangel@hotmail.com','Rua Vital Brasil, 32 - Estao Experimental','AC','B_POSITIVO','Elaine Valente Rangel','F','(68) 99524-1358'),(268,'69918-636','Rio Branco','1985-01-28','dilmar.prucho@uol.com.br','Travessa Vitria, 22 - Vila Ivonete','AC','B_POSITIVO','Dilmar Coelho Prucho','F','(68) 98887-4616'),(269,'69907-864','Rio Branco','1954-01-22','fernanda.cocelo@gmail.com','Travessa Pimenta Bueno, 10 - Belo Jardim I','AC','O_NEGATIVO','Fernanda Beatriz Andrade Cocelo','F','(68) 98901-0469'),(270,'69915-854','Rio Branco','2001-09-23','estefani.barher@uol.com.br','Rua Samama, 21 - Portal da Amaznia','AC','A_NEGATIVO','Estefani de Rodrigues Barher','F','(68) 98616-8837'),(271,'69900-547','Rio Branco','2012-01-07','mariano.oliveira@outlook.com','Rua Baro do Rio Branco, 113 - Bosque','AC','AB_POSITIVO','Mariano Filho Oliveira','M','(68) 98443-8531'),(272,'69917-651','Rio Branco','2017-12-21','brunna.furtado@yahoo.com','Travessa Odim de Aguiar Queiroz, 478 - Pedro Roseno','AC','O_NEGATIVO','Brunna Nascimento Furtado','F','(68) 97699-6141'),(273,'69911-784','Rio Branco','1952-05-14','isadora.muchao@yahoo.com','Avenida Fares Fegali, 308 - Boa Unio','AC','A_POSITIVO','Isadora Firmino Mucho','F','(68) 98381-1764');
/*!40000 ALTER TABLE `paciente` ENABLE KEYS */;
UNLOCK TABLES;

--
-- Table structure for table `profissional`
--

DROP TABLE IF EXISTS `profissional`;
/*!40101 SET @saved_cs_client     = @@character_set_client */;
/*!50503 SET character_set_client = utf8mb4 */;
CREATE TABLE `profissional` (
  `id` bigint NOT NULL AUTO_INCREMENT,
  `email` varchar(255) NOT NULL,
  `nome` varchar(255) NOT NULL,
  `registro_conselho` varchar(255) NOT NULL,
  `telefone` varchar(255) NOT NULL,
  `especialidade_id` bigint NOT NULL,
  `unidade_id` bigint NOT NULL,
  PRIMARY KEY (`id`),
  KEY `FKa33m0fssxm8nxjrhnj3mfyj8k` (`especialidade_id`),
  KEY `FKlci5vfb7ppbpvgiuqohv0l547` (`unidade_id`),
  CONSTRAINT `FKa33m0fssxm8nxjrhnj3mfyj8k` FOREIGN KEY (`especialidade_id`) REFERENCES `especialidade` (`id`),
  CONSTRAINT `FKlci5vfb7ppbpvgiuqohv0l547` FOREIGN KEY (`unidade_id`) REFERENCES `unidade` (`id`)
) ENGINE=InnoDB AUTO_INCREMENT=15 DEFAULT CHARSET=utf8mb4 COLLATE=utf8mb4_0900_ai_ci;
/*!40101 SET character_set_client = @saved_cs_client */;

--
-- Dumping data for table `profissional`
--

LOCK TABLES `profissional` WRITE;
/*!40000 ALTER TABLE `profissional` DISABLE KEYS */;
INSERT INTO `profissional` VALUES (1,'monique.nespoli@uol.com.br','Maria Adelia Serravalle Bezerra','CRM/AC 377','(68) 98205-4704',1,1),(2,'elielson.andrade@gmail.com','Elielson Silveira Andrade','CRM/AC 455','(68) 98085-4910',1,1),(3,'davi.mendes@yahoo.com','Davi Jesus Mendes','CRM/AC 123','(68) 98408-5352',4,3),(4,'carla.valle@gmail.com','Carla da Paixo Valle','CRM/AC 234','(68) 98395-5604',3,1),(5,'neuza.nobrega@uol.com.br','Neuza Biango Nobrega','CRM/AC 232','(68) 98561-6622',2,2),(6,'eva.campelo@gmail.com','Eva Vitorino Campelo','CRM/AC 345','(68) 99368-3962',2,1),(7,'carmen.oliveira@gmail.com','Carmen Marins de Oliveira','CRM/AC 782','(68) 98842-4368',2,3),(8,'denise.barthon@uol.com.br','Denise Pacheco Barthon','CRM/AC 543','(68) 98860-5446',3,3),(9,'vanderlei.mota@gmail.com','Vanderlei Nunes Mota','CRM/AC 323','(68) 98034-7858',4,2),(10,'maria.rabelo@uol.com.br','Maria Alice Lopes Rabelo','CRM/AC 189','(68) 99710-6657',5,1),(11,'luiz.camelo@yahoo.com','Luiz Feitosa Camelo','CRM/AC 256','(68) 98034-0867',5,3),(12,'diogo.vieira@gmail.com','Diogo da Silva Vieira','CRM/AC 654','(68) 98563-9765',6,2),(13,'jonas.siqueira@gmail.com','Jonas Biango Siqueira','CRM/AC 621','(68) 96835-5271',7,2),(14,'gilson.saraiva@uol.com.br','Gilson Ramos Saraiva','CRM/AC 545','(68) 98664-0836',7,3);
/*!40000 ALTER TABLE `profissional` ENABLE KEYS */;
UNLOCK TABLES;

--
-- Table structure for table `unidade`
--

DROP TABLE IF EXISTS `unidade`;
/*!40101 SET @saved_cs_client     = @@character_set_client */;
/*!50503 SET character_set_client = utf8mb4 */;
CREATE TABLE `unidade` (
  `id` bigint NOT NULL AUTO_INCREMENT,
  `endereco` varchar(255) DEFAULT NULL,
  `nome` varchar(255) NOT NULL,
  PRIMARY KEY (`id`),
  UNIQUE KEY `UK_qb849dysiaug9hm77b9puawvp` (`nome`)
) ENGINE=InnoDB AUTO_INCREMENT=4 DEFAULT CHARSET=utf8mb4 COLLATE=utf8mb4_0900_ai_ci;
/*!40101 SET character_set_client = @saved_cs_client */;

--
-- Dumping data for table `unidade`
--

LOCK TABLES `unidade` WRITE;
/*!40000 ALTER TABLE `unidade` DISABLE KEYS */;
INSERT INTO `unidade` VALUES (1,'Rua Independncia, 56 - Conjunto Bela Vista','Bela Vista'),(2,'Rua Paulo VI, 100 - Bosque','Bosque'),(3,'Rua Rui Barbosa, 252 - Centro','Cruzeiro do Sul');
/*!40000 ALTER TABLE `unidade` ENABLE KEYS */;
UNLOCK TABLES;

--
-- Table structure for table `usuario`
--

DROP TABLE IF EXISTS `usuario`;
/*!40101 SET @saved_cs_client     = @@character_set_client */;
/*!50503 SET character_set_client = utf8mb4 */;
CREATE TABLE `usuario` (
  `id` bigint NOT NULL AUTO_INCREMENT,
  `ativo` bit(1) NOT NULL,
  `nome_completo` varchar(255) DEFAULT NULL,
  `nome_usuario` varchar(255) NOT NULL,
  `papel` varchar(255) NOT NULL,
  `senha` varchar(255) NOT NULL,
  PRIMARY KEY (`id`),
  UNIQUE KEY `UK_oieu9u1g4ltrbbqf8rrvb0ldc` (`nome_usuario`)
) ENGINE=InnoDB AUTO_INCREMENT=4 DEFAULT CHARSET=utf8mb4 COLLATE=utf8mb4_0900_ai_ci;
/*!40101 SET character_set_client = @saved_cs_client */;

--
-- Dumping data for table `usuario`
--

LOCK TABLES `usuario` WRITE;
/*!40000 ALTER TABLE `usuario` DISABLE KEYS */;
INSERT INTO `usuario` VALUES (1,_binary '','Administrador','admin','ROLE_ADMIN','$2a$10$zArhMpAXoIhDRvqmJSPI2uDJbGxoQft9g2LCa.7fBCOXDuqKVC6cS'),(2,_binary '','Daniel','daniel','ROLE_ADMIN','$2a$10$ZKaOzSH3atFflX/Xs7.w2OqVwGiZNl/FhpPHyLt3AyI7YNaFmnFS2'),(3,_binary '','Paulo','paulo','ROLE_ATENDENTE','$2a$10$5gqHW3bQnDx62QNLM6BzyespOh5A649KDB6mNw9UOJbo8eQCAqyG6');
/*!40000 ALTER TABLE `usuario` ENABLE KEYS */;
UNLOCK TABLES;
/*!40103 SET TIME_ZONE=@OLD_TIME_ZONE */;

/*!40101 SET SQL_MODE=@OLD_SQL_MODE */;
/*!40014 SET FOREIGN_KEY_CHECKS=@OLD_FOREIGN_KEY_CHECKS */;
/*!40014 SET UNIQUE_CHECKS=@OLD_UNIQUE_CHECKS */;
/*!40101 SET CHARACTER_SET_CLIENT=@OLD_CHARACTER_SET_CLIENT */;
/*!40101 SET CHARACTER_SET_RESULTS=@OLD_CHARACTER_SET_RESULTS */;
/*!40101 SET COLLATION_CONNECTION=@OLD_COLLATION_CONNECTION */;
/*!40111 SET SQL_NOTES=@OLD_SQL_NOTES */;

-- Dump completed on 2022-07-14 13:57:23
